"License_Year_License_Number","Business_Name","Street_Address","City","State","Zip_Code","Business_Phone_Number","Classification_Code","Classification_Description","License_Expir_Date","Issue_Date","License_Fiscal_Year","License_Number","License_Status","License_Status_Description","Council_District","Council_District_Description","Full_Address","FID"
"2006-755","FIRST PRESBYTERIAN CHURCH","333 W COLFAX AVE","SOUTH BEND","IN","46601","(574) 234-4159","RESTAM","RESTAURANTS A-M","2007-02-28T05:00:00.000Z","2006-03-27T05:00:00.000Z","2006","755","RN","Renewed","SB1","COUNCIL DISTRICT 1","333 W COLFAX AVE, SOUTH BEND, IN 46601","16663"
"2006-754","DOMINO'S PIZZA #2654","1627 EDISON RD","SOUTH BEND","IN","46637","(574) 271-0300","RESTAM","RESTAURANTS A-M","2007-02-28T05:00:00.000Z","2006-03-17T05:00:00.000Z","2006","754","RN","Renewed","SB4","COUNCIL DISTRICT 4","1627 EDISON RD, SOUTH BEND, IN 46637","16664"
"2006-753","RATHSKELLER","401 N HICKORY RD","SOUTH BEND","IN","46615","(574) 233-0300","RESTZ","RESTAURANTS N-Z","2007-03-31T04:00:00.000Z","2006-05-15T04:00:00.000Z","2006","753","RN","Renewed","SB4","COUNCIL DISTRICT 4","401 N HICKORY RD, SOUTH BEND, IN 46615","16665"
"2006-752","JULIO'S PIZZA","2509 S MICHIGAN ST","SOUTH BEND","IN","46601","(574) 287-1034","RESTAM","RESTAURANTS A-M","2007-02-28T05:00:00.000Z","2006-07-14T04:00:00.000Z","2006","752","RN","Renewed","SB5","COUNCIL DISTRICT 5","2509 S MICHIGAN ST, SOUTH BEND, IN 46601","16666"
"2006-751","TONY CRUZ & SONS  --- DONT USE","24265 FILLMORE RD","SOUTH BEND","IN","46619","(574) 288-6543","ARBOR","ARBORIST/TREE SERVICE","2007-01-31T05:00:00.000Z","2006-03-06T05:00:00.000Z","2006","751","RN","Renewed","","","24265 FILLMORE RD, SOUTH BEND, IN 46619","16667"
"2006-750","FRANKIE'S BBQ","1132 SOUTH BEND AVE","SOUTH BEND","IN","46617","(574) 232-4038","RESTAM","RESTAURANTS A-M","2007-02-28T05:00:00.000Z","2006-05-19T04:00:00.000Z","2006","750","RN","Renewed","SB4","COUNCIL DISTRICT 4","1132 SOUTH BEND AVE, SOUTH BEND, IN 46617","16668"
"2006-749","EMPORIUM RESTAURANT-OLD","121 S NILES AVE","SOUTH BEND","IN","46601","(574) 234-9000","RESTAM","RESTAURANTS A-M","2007-02-28T05:00:00.000Z","2006-03-27T05:00:00.000Z","2006","749","RN","Renewed","SB4","COUNCIL DISTRICT 4","121 S NILES AVE, SOUTH BEND, IN 46601","16669"
"2006-844","BRUNO'S ORIGINAL PIZZA","2610 PRAIRIE AVE","SOUTH BEND","IN","46614","(574) 288-3320","RESTAM","RESTAURANTS A-M","2007-02-28T05:00:00.000Z","2006-03-27T05:00:00.000Z","2006","844","RN","Renewed","SB6","COUNCIL DISTRICT 6","2610 PRAIRIE AVE, SOUTH BEND, IN 46614","16670"
"2006-637","MEERT'S CLOTHING CARE","5215 W SAMPLE ST","SOUTH BEND","IN","46619","(574) 289-2008","SSLAUN","SELF SERVICE LAUNDRY","2007-01-31T05:00:00.000Z","2006-03-07T05:00:00.000Z","2006","637","RN","Renewed","SB6","COUNCIL DISTRICT 6","5215 W SAMPLE ST, SOUTH BEND, IN 46619","16671"
"2006-594","INSTANT LUBE #2","5121 W WESTERN AVE","SOUTH BEND","IN","46601","(574) 276-5656","AUTO","AUTOMOTIVE REPAIR & SVC","2007-01-31T05:00:00.000Z","2006-02-13T05:00:00.000Z","2006","594","RN","Renewed","SB2","COUNCIL DISTRICT 2","5121 W WESTERN AVE, SOUTH BEND, IN 46601","16672"
"2006-636","US SCRAP & RECYCLING","2016 W WASHINGTON ST","SOUTH BEND","IN","46628","(574) 232-6000","SMD","SCRAP METAL /JUNK DEALERS","2007-01-31T05:00:00.000Z","2006-05-09T04:00:00.000Z","2006","636","RN","Renewed","SB2","COUNCIL DISTRICT 2","2016 W WASHINGTON ST, SOUTH BEND, IN 46628","16673"
"2006-635","US SCRAP & RECYCLING","1610 CIRCLE AVE","SOUTH BEND","IN","46628","(574) 232-6000","SMD","SCRAP METAL /JUNK DEALERS","2007-01-31T05:00:00.000Z","2006-05-09T04:00:00.000Z","2006","635","RN","Renewed","SB6","COUNCIL DISTRICT 6","1610 CIRCLE AVE, SOUTH BEND, IN 46628","16674"
"2006-634","US SCRAP & RECYCLING","1700 W WASHINGTON ST","SOUTH BEND","IN","46619","(574) 232-6000","SMD","SCRAP METAL /JUNK DEALERS","2007-01-31T05:00:00.000Z","2006-05-09T04:00:00.000Z","2006","634","RN","Renewed","SB2","COUNCIL DISTRICT 2","1700 W WASHINGTON ST, SOUTH BEND, IN 46619","16675"
"2006-633","NORI METALS","1420 S WALNUT ST","SOUTH BEND","IN","46619","(574) 232-6000","SMD","SCRAP METAL /JUNK DEALERS","2007-01-31T05:00:00.000Z","2006-05-09T04:00:00.000Z","2006","633","RN","Renewed","SB6","COUNCIL DISTRICT 6","1420 S WALNUT ST, SOUTH BEND, IN 46619","16676"
"2006-632","SOUTH BEND IRON & METAL","429 W INDIANA AVE","SOUTH BEND","IN","46613","(574) 234-7181","SMD","SCRAP METAL /JUNK DEALERS","2007-01-31T05:00:00.000Z","2007-02-06T05:00:00.000Z","2006","632","RN","Renewed","","","429 W INDIANA AVE, SOUTH BEND, IN 46613","16677"
"2006-631","SOUTH BEND WASTE PAPER","1519 FRANKLIN ST","SOUTH BEND","IN","46624","(574) 234-7191","SMD","SCRAP METAL /JUNK DEALERS","2007-01-31T05:00:00.000Z","2007-02-06T05:00:00.000Z","2006","631","RN","Renewed","SB6","COUNCIL DISTRICT 6","1519 FRANKLIN ST, SOUTH BEND, IN 46624","16678"
"2006-630","FAT ALBERT'S RESALE SHOP","3613 MISHAWAKA AVE","SOUTH BEND","IN","46615","(574) 233-6988","SECOND","SECOND HAND DEALERS","2007-01-31T05:00:00.000Z","2006-03-08T05:00:00.000Z","2006","630","RN","Renewed","SB3","COUNCIL DISTRICT 3","3613 MISHAWAKA AVE, SOUTH BEND, IN 46615","16679"
"2006-629","LIL J BUENO'S BODY SHOP & AUTO","1636 PRAIRIE AVE","SOUTH BEND","IN","46613","(574) 234-6880","AUTO","AUTOMOTIVE REPAIR & SVC","2007-01-31T05:00:00.000Z","2006-03-07T05:00:00.000Z","2006","629","RN","Renewed","SB6","COUNCIL DISTRICT 6","1636 PRAIRIE AVE, SOUTH BEND, IN 46613","16680"
"2006-628","HAIR CRAFTERS","602 LINCOLN WAY E","SOUTH BEND","IN","466013221","(574) 288-2448","MSGEST","MASSAGE ESTABLISHMENT","2007-01-31T05:00:00.000Z","2006-03-07T05:00:00.000Z","2006","628","RN","Renewed","","","602 LINCOLN WAY E, SOUTH BEND, IN 466013221","16681"
"2006-627","SONITROL","510 E MISHAWAKA AVE","MISHAWAKA","IN","46545","(574) 256-0969","ALARM","ALARM AGENT","2007-01-31T05:00:00.000Z","2006-02-06T05:00:00.000Z","2006","627","RN","Renewed","","","510 E MISHAWAKA AVE, MISHAWAKA, IN 46545","16682"
"2006-625","C & J SALES","2801 W WESTERN AVE","SOUTH BEND","IN","46628","(574) 235-7988","AUTO","AUTOMOTIVE REPAIR & SVC","2007-01-31T05:00:00.000Z","2006-03-15T05:00:00.000Z","2006","625","RN","Renewed","SB2","COUNCIL DISTRICT 2","2801 W WESTERN AVE, SOUTH BEND, IN 46628","16684"
"2006-624","HILL TRUCK SALES","1011 W SAMPLE ST","SOUTH BEND","IN","46619","(574) 289-4065","AUTO","AUTOMOTIVE REPAIR & SVC","2007-01-31T05:00:00.000Z","2006-02-15T05:00:00.000Z","2006","624","RN","Renewed","SB6","COUNCIL DISTRICT 6","1011 W SAMPLE ST, SOUTH BEND, IN 46619","16685"
"2006-623","ENGLISH ROSE INN - DO NOT USE","116 S TAYLOR ST","SOUTH BEND","IN","46601","(574) 289-2114","HOTEL","HOTEL/MOTEL","2007-01-31T05:00:00.000Z","2006-03-14T05:00:00.000Z","2006","623","RN","Renewed","SB2","COUNCIL DISTRICT 2","116 S TAYLOR ST, SOUTH BEND, IN 46601","16686"
"2006-622","CUSHING MANOR BED & BREAKFAST","508 W WASHINGTON ST","SOUTH BEND","IN","46601","(574) 288-1990","HOTEL","HOTEL/MOTEL","2007-01-31T05:00:00.000Z","2006-03-14T05:00:00.000Z","2006","622","RN","Renewed","SB2","COUNCIL DISTRICT 2","508 W WASHINGTON ST, SOUTH BEND, IN 46601","16687"
"2006-621","RESIDENCE INN SOUTH BEND","716 N NILES AVE","SOUTH BEND","IN","46617","(574) 289-5555","HOTEL","HOTEL/MOTEL","2007-01-31T05:00:00.000Z","2006-02-09T05:00:00.000Z","2006","621","RN","Renewed","SB4","COUNCIL DISTRICT 4","716 N NILES AVE, SOUTH BEND, IN 46617","16688"
"2006-620","SANDY'S HAIR DESIGN","3775 S MAIN ST","SOUTH BEND","IN","46614","(574) 299-0900","MSGEST","MASSAGE ESTABLISHMENT","2007-01-31T05:00:00.000Z","2006-03-01T05:00:00.000Z","2006","620","RN","Renewed","SB6","COUNCIL DISTRICT 6","3775 S MAIN ST, SOUTH BEND, IN 46614","16689"
"2006-619","HAMILTON BODY SHOP, INC","910 S LAFAYETTE BLVD","SOUTH BEND","IN","46601","(574) 239-6222","AUTO","AUTOMOTIVE REPAIR & SVC","2007-01-31T05:00:00.000Z","2006-03-01T05:00:00.000Z","2006","619","RN","Renewed","SB6","COUNCIL DISTRICT 6","910 S LAFAYETTE BLVD, SOUTH BEND, IN 46601","16690"
"2006-618","HAMILTON BODY SHOP, INC","910 S LAFAYETTE BLVD","SOUTH BEND","IN","46601","(574) 239-6222","VEHREM","VEHICLE REMOVAL","2007-01-31T05:00:00.000Z","2006-03-06T05:00:00.000Z","2006","618","IN","Incative and no longer licensed","SB6","COUNCIL DISTRICT 6","910 S LAFAYETTE BLVD, SOUTH BEND, IN 46601","16691"
"2006-617","INSTANT LUBE #5","4425 S MICHIGAN ST","SOUTH BEND","IN","46614","(574) 276-5656","AUTO","AUTOMOTIVE REPAIR & SVC","2007-01-31T05:00:00.000Z","2006-02-13T05:00:00.000Z","2006","617","RN","Renewed","SB5","COUNCIL DISTRICT 5","4425 S MICHIGAN ST, SOUTH BEND, IN 46614","16692"
"2006-616","INNISFREE BED & BREAKFAST","702 W COLFAX AVE","SOUTH BEND","IN","46601","(574) 318-4838","HOTEL","HOTEL/MOTEL","2007-01-31T05:00:00.000Z","2006-04-10T04:00:00.000Z","2006","616","RN","Renewed","SB4","COUNCIL DISTRICT 4","702 W COLFAX AVE, SOUTH BEND, IN 46601","16693"
"2006-615","VALLEY TRANSMISSION","702 COLLEGE ST","SOUTH BEND","IN","46628","(574) 233-5894","AUTO","AUTOMOTIVE REPAIR & SVC","2007-01-31T05:00:00.000Z","2006-02-13T05:00:00.000Z","2006","615","RN","Renewed","SB2","COUNCIL DISTRICT 2","702 COLLEGE ST, SOUTH BEND, IN 46628","16694"
"2006-614","STARZ BAR","1505 KENDALL ST","SOUTH BEND","IN","46613","(574) 288-7827","ADULT","ADULT BUSINESS","2007-01-31T05:00:00.000Z","2006-08-08T04:00:00.000Z","2006","614","RN","Renewed","SB6","COUNCIL DISTRICT 6","1505 KENDALL ST, SOUTH BEND, IN 46613","16695"
"2006-613","RON'S MCKINLEY MARATHON","2124 MCKINLEY AVE","SOUTH BEND","IN","46615","(574) 234-9565","AUTO","AUTOMOTIVE REPAIR & SVC","2007-01-31T05:00:00.000Z","2006-03-16T05:00:00.000Z","2006","613","RN","Renewed","SB4","COUNCIL DISTRICT 4","2124 MCKINLEY AVE, SOUTH BEND, IN 46615","16696"
"2006-612","BURNETT AUTOMOTIVE SERVICES","1307 LINCOLN WAY W","SOUTH BEND","IN","466282415","(574) 315-6364","AUTO","AUTOMOTIVE REPAIR & SVC","2007-01-31T05:00:00.000Z","2006-03-14T05:00:00.000Z","2006","612","RN","Renewed","","","1307 LINCOLN WAY W, SOUTH BEND, IN 466282415","16697"
"2006-611","WIEGAND'S SERVICE CENTER","1155 MISHAWAKA AVE","SOUTH BEND","IN","46615","(574) 234-3999","AUTO","AUTOMOTIVE REPAIR & SVC","2007-01-31T05:00:00.000Z","2006-03-06T05:00:00.000Z","2006","611","RN","Renewed","SB3","COUNCIL DISTRICT 3","1155 MISHAWAKA AVE, SOUTH BEND, IN 46615","16698"
"2006-610","WEST LANDSCAPE, LLC","69700 WALNUT RD","","","465749051","(574) 586-2688","ARBOR","ARBORIST/TREE SERVICE","2007-01-31T05:00:00.000Z","2006-03-07T05:00:00.000Z","2006","610","RN","Renewed","","","69700 WALNUT RD, ,  465749051","16699"
"2006-609","DOUG'S MISHAWAKA TREE SERVICE","11303 EDISON RD","MISHAWAKA","IN","46545","(574) 259-5700","ARBOR","ARBORIST/TREE SERVICE","2007-01-31T05:00:00.000Z","2006-03-27T05:00:00.000Z","2006","609","RN","Renewed","","","11303 EDISON RD, MISHAWAKA, IN 46545","16700"
"2006-607","TOM'S CAR CARE CENTER, INC","3201 SUGAR MAPLE BUSINESS CT","SOUTH BEND","IN","46628","(574) 289-2121","AUTO","AUTOMOTIVE REPAIR & SVC","2007-01-31T05:00:00.000Z","2006-02-13T05:00:00.000Z","2006","607","RN","Renewed","SB1","COUNCIL DISTRICT 1","3201 SUGAR MAPLE BUSINESS CT, SOUTH BEND, IN 46628","16702"
"2006-606","HEDMAN PTL TIRE","135 N LAFAYETTE BLVD","SOUTH BEND","IN","46601","(574) 687-8188","AUTO","AUTOMOTIVE REPAIR & SVC","2007-01-31T05:00:00.000Z","2006-05-11T04:00:00.000Z","2006","606","RN","Renewed","SB2","COUNCIL DISTRICT 2","135 N LAFAYETTE BLVD, SOUTH BEND, IN 46601","16703"
"2006-605","DC TIRE & AUTO","2623 LINCOLN WAY W","SOUTH BEND","IN","466281937","(574) 234-8473","AUTO","AUTOMOTIVE REPAIR & SVC","2007-01-31T05:00:00.000Z","2006-03-06T05:00:00.000Z","2006","605","RN","Renewed","","","2623 LINCOLN WAY W, SOUTH BEND, IN 466281937","16704"
"2006-604","DC TIRE & AUTO","4443 W WESTERN AVE","SOUTH BEND","IN","46619","(574) 235-8473","AUTO","AUTOMOTIVE REPAIR & SVC","2007-01-31T05:00:00.000Z","2006-03-06T05:00:00.000Z","2006","604","RN","Renewed","SB2","COUNCIL DISTRICT 2","4443 W WESTERN AVE, SOUTH BEND, IN 46619","16705"
"2006-603","A-1 AUTO PARTS","2014 S LAFAYETTE BLVD","SOUTH BEND","IN","46613","(574) 288-1611","SMD","SCRAP METAL /JUNK DEALERS","2007-01-31T05:00:00.000Z","2006-03-21T05:00:00.000Z","2006","603","RN","Renewed","SB6","COUNCIL DISTRICT 6","2014 S LAFAYETTE BLVD, SOUTH BEND, IN 46613","16706"
"2006-602","ERASMUS BOOKS","1027 E WAYNE ST","SOUTH BEND","IN","46617","(574) 232-8444","SECOND","SECOND HAND DEALERS","2007-01-31T05:00:00.000Z","2006-02-06T05:00:00.000Z","2006","602","IN","Incative and no longer licensed","SB4","COUNCIL DISTRICT 4","1027 E WAYNE ST, SOUTH BEND, IN 46617","16707"
"2006-601","DIANNE MARIE DANDINO","1246 SUSSEX DR","SOUTH BEND","IN","46628","(574) 233-0036","MSGTEC","MASSAGE THERAPY","2007-01-31T05:00:00.000Z","2006-06-05T04:00:00.000Z","2006","601","RN","Renewed","SB2","COUNCIL DISTRICT 2","1246 SUSSEX DR, SOUTH BEND, IN 46628","16708"
"2006-600","DANIEL A CSANYI","615 S SUNNYSIDE AVE","SOUTH BEND","IN","46615","(574) 234-4452","MSGTEC","MASSAGE THERAPY","2007-01-31T05:00:00.000Z","2006-07-19T04:00:00.000Z","2006","600","RN","Renewed","SB3","COUNCIL DISTRICT 3","615 S SUNNYSIDE AVE, SOUTH BEND, IN 46615","16709"
"2006-599","SUNSHINE HOLIDAY LAUNDRY","3706 W WESTERN AVE","SOUTH BEND","IN","46619","(574) 234-2696","SSLAUN","SELF SERVICE LAUNDRY","2007-01-31T05:00:00.000Z","2006-02-27T05:00:00.000Z","2006","599","RN","Renewed","SB6","COUNCIL DISTRICT 6","3706 W WESTERN AVE, SOUTH BEND, IN 46619","16710"
"2006-593","VELDMAN'S SERVICE CENTER","5222 W WESTERN AVE","SOUTH BEND","IN","46619","(574) 287-7236","AUTO","AUTOMOTIVE REPAIR & SVC","2007-01-31T05:00:00.000Z","2006-03-06T05:00:00.000Z","2006","593","RN","Renewed","SB6","COUNCIL DISTRICT 6","5222 W WESTERN AVE, SOUTH BEND, IN 46619","16711"
"2006-843","ANGELOS FAMILY RESTAURANT","4301 S MICHIGAN ST","SOUTH BEND","IN","46614","(574) 299-9614","RESTAM","RESTAURANTS A-M","2007-02-28T05:00:00.000Z","2006-03-07T05:00:00.000Z","2006","843","RN","Renewed","SB5","COUNCIL DISTRICT 5","4301 S MICHIGAN ST, SOUTH BEND, IN 46614","16712"
"2006-842","THE SPA AT COLFAX","224 W COLFAX AVE","SOUTH BEND","IN","46601","(574) 288-5516","MSGEST","MASSAGE ESTABLISHMENT","2007-01-31T05:00:00.000Z","2006-04-26T04:00:00.000Z","2006","842","RN","Renewed","SB2","COUNCIL DISTRICT 2","224 W COLFAX AVE, SOUTH BEND, IN 46601","16713"
"2006-841","MC DONALD'S 574","2001 S MICHIGAN ST","SOUTH BEND","IN","46613","(574) 400-0775","RESTAM","RESTAURANTS A-M","2007-02-28T05:00:00.000Z","2006-03-16T05:00:00.000Z","2006","841","RN","Renewed","SB3","COUNCIL DISTRICT 3","2001 S MICHIGAN ST, SOUTH BEND, IN 46613","16715"
"2006-591","HANNAH'S CHANGES IN ATTITUDE","2009 MIAMI ST","SOUTH BEND","IN","46614","(574) 288-0733","MSGEST","MASSAGE ESTABLISHMENT","2007-01-31T05:00:00.000Z","2006-03-01T05:00:00.000Z","2006","591","RN","Renewed","SB3","COUNCIL DISTRICT 3","2009 MIAMI ST, SOUTH BEND, IN 46614","16716"
"2006-840","MC DONALD'S 25100","3402 PORTAGE AVE","SOUTH BEND","IN","46628","(574) 273-4907","RESTAM","RESTAURANTS A-M","2007-02-28T05:00:00.000Z","2006-03-27T05:00:00.000Z","2006","840","RN","Renewed","SB1","COUNCIL DISTRICT 1","3402 PORTAGE AVE, SOUTH BEND, IN 46628","16717"
"2006-839","MC DONALD'S 493","416 N MICHIGAN ST","SOUTH BEND","IN","46601","(574) 400-0775","RESTAM","RESTAURANTS A-M","2007-02-28T05:00:00.000Z","2006-03-27T05:00:00.000Z","2006","839","RN","Renewed","SB1","COUNCIL DISTRICT 1","416 N MICHIGAN ST, SOUTH BEND, IN 46601","16719"
"2006-589","DALE'S SERVICE CENTER","1575 N BENDIX DR","SOUTH BEND","IN","46628","(574) 289-9636","AUTO","AUTOMOTIVE REPAIR & SVC","2007-01-31T05:00:00.000Z","2006-03-22T05:00:00.000Z","2006","589","RN","Renewed","SB1","COUNCIL DISTRICT 1","1575 N BENDIX DR, SOUTH BEND, IN 46628","16720"
"2006-838","MC DONALD'S 6097","1850 LINCOLN WAY E","SOUTH BEND","IN","466133423","(574) 255-1933","RESTAM","RESTAURANTS A-M","2007-02-28T05:00:00.000Z","2006-03-27T05:00:00.000Z","2006","838","RN","Renewed","","","1850 LINCOLN WAY E, SOUTH BEND, IN 466133423","16721"
"2006-588","OLIVER INN","630 W WASHINGTON ST","SOUTH BEND","IN","46601","(574) 232-4545","HOTEL","HOTEL/MOTEL","2007-01-31T05:00:00.000Z","2006-02-14T05:00:00.000Z","2006","588","RN","Renewed","SB2","COUNCIL DISTRICT 2","630 W WASHINGTON ST, SOUTH BEND, IN 46601","16722"
"2006-837","MC DONALD'S 3597","4711 MIAMI ST","SOUTH BEND","IN","46614","(574) 255-1933","RESTAM","RESTAURANTS A-M","2007-02-28T05:00:00.000Z","2006-03-27T05:00:00.000Z","2006","837","RN","Renewed","SB5","COUNCIL DISTRICT 5","4711 MIAMI ST, SOUTH BEND, IN 46614","16723"
"2006-587","B AND B FLORAL ADVENTURES","26160 LAKE LN","SOUTH BEND","IN","46619","(574) 289-2017","ARBOR","ARBORIST/TREE SERVICE","2007-01-31T05:00:00.000Z","2006-03-06T05:00:00.000Z","2006","587","RN","Renewed","","","26160 LAKE LN, SOUTH BEND, IN 46619","16724"
"2006-836","MC DONALD'S 2982","3221 LINCOLN WAY W","SOUTH BEND","IN","466281450","(574) 400-0775","RESTAM","RESTAURANTS A-M","2007-02-28T05:00:00.000Z","2006-03-27T05:00:00.000Z","2006","836","RN","Renewed","","","3221 LINCOLN WAY W, SOUTH BEND, IN 466281450","16725"
"2006-586","TLC TREE REMOVAL","3204 S SAINT JOSEPH ST","SOUTH BEND","IN","46614","(574) 291-0233","ARBOR","ARBORIST/TREE SERVICE","2007-01-31T05:00:00.000Z","2006-03-09T05:00:00.000Z","2006","586","RN","Renewed","SB5","COUNCIL DISTRICT 5","3204 S SAINT JOSEPH ST, SOUTH BEND, IN 46614","16726"
"2006-835","MC DONALD'S 3206","5021 W WESTERN AVE","SOUTH BEND","IN","46601","(574) 400-0775","RESTAM","RESTAURANTS A-M","2007-02-28T05:00:00.000Z","2006-03-16T05:00:00.000Z","2006","835","RN","Renewed","SB2","COUNCIL DISTRICT 2","5021 W WESTERN AVE, SOUTH BEND, IN 46601","16727"
"2006-585","JEFFERY R FISHER","1726 E LASALLE AVE","SOUTH BEND","IN","46617","(574) 255-6203","MSGTEC","MASSAGE THERAPY","2007-01-31T05:00:00.000Z","2006-02-02T05:00:00.000Z","2006","585","RN","Renewed","SB4","COUNCIL DISTRICT 4","1726 E LASALLE AVE, SOUTH BEND, IN 46617","16728"
"2006-584","JUDIT SZUCS","59086 CLOVER RD","MISHAWAKA","IN","46544","(574) 255-3554","MSGTEC","MASSAGE THERAPY","2007-01-31T05:00:00.000Z","2006-02-02T05:00:00.000Z","2006","584","RN","Renewed","","","59086 CLOVER RD, MISHAWAKA, IN 46544","16729"
"2006-583","LUCILLE H OSTROWSKI","21932 SANDY HILL LN","SOUTH BEND","IN","46628","(574) 277-1586","MSGTEC","MASSAGE THERAPY","2007-01-31T05:00:00.000Z","2006-06-05T04:00:00.000Z","2006","583","RN","Renewed","","","21932 SANDY HILL LN, SOUTH BEND, IN 46628","16730"
"2006-582","AUTO PLUS SERVICE CENTER","1149 S MAIN ST","SOUTH BEND","IN","46615","(574) 232-5557","AUTO","AUTOMOTIVE REPAIR & SVC","2007-01-31T05:00:00.000Z","2006-02-13T05:00:00.000Z","2006","582","RN","Renewed","SB6","COUNCIL DISTRICT 6","1149 S MAIN ST, SOUTH BEND, IN 46615","16731"
"2006-581","B&F MARATHON","831 E COLFAX AVE","SOUTH BEND","IN","46617","(574) 232-6727","AUTO","AUTOMOTIVE REPAIR & SVC","2007-01-31T05:00:00.000Z","2006-05-11T04:00:00.000Z","2006","581","RN","Renewed","SB4","COUNCIL DISTRICT 4","831 E COLFAX AVE, SOUTH BEND, IN 46617","16732"
"2006-580","BABCOCK SERVICES","101 N LAFAYETTE BLVD","SOUTH BEND","IN","46601","(574) 233-2885","AUTO","AUTOMOTIVE REPAIR & SVC","2007-01-31T05:00:00.000Z","2006-05-11T04:00:00.000Z","2006","580","RN","Renewed","SB2","COUNCIL DISTRICT 2","101 N LAFAYETTE BLVD, SOUTH BEND, IN 46601","16733"
"2006-579","SPECIALIZED SERVICES","2124 S MICHIGAN ST","SOUTH BEND","IN","46613","(574) 288-5455","AUTO","AUTOMOTIVE REPAIR & SVC","2007-01-31T05:00:00.000Z","2006-02-13T05:00:00.000Z","2006","579","IN","Incative and no longer licensed","SB3","COUNCIL DISTRICT 3","2124 S MICHIGAN ST, SOUTH BEND, IN 46613","16734"
"2006-578","SOUTH BEND MOTEL","3420 S MICHIGAN ST","SOUTH BEND","IN","46614","(574) 291-6330","HOTEL","HOTEL/MOTEL","2007-01-31T05:00:00.000Z","2006-03-08T05:00:00.000Z","2006","578","RN","Renewed","SB6","COUNCIL DISTRICT 6","3420 S MICHIGAN ST, SOUTH BEND, IN 46614","16735"
"2006-577","RAMADA - DO NOT USE","213 W WASHINGTON ST","SOUTH BEND","IN","46601","(574) 232-3941","HOTEL","HOTEL/MOTEL","2007-01-31T05:00:00.000Z","2006-02-09T05:00:00.000Z","2006","577","RN","Renewed","SB2","COUNCIL DISTRICT 2","213 W WASHINGTON ST, SOUTH BEND, IN 46601","16736"
"2006-576","T.C. SECURITY CO., INC.","2214 MIAMI ST","SOUTH BEND","IN","46613","(574) 232-2664","ALARM","ALARM AGENT","2007-01-31T05:00:00.000Z","2006-02-10T05:00:00.000Z","2006","576","RN","Renewed","SB3","COUNCIL DISTRICT 3","2214 MIAMI ST, SOUTH BEND, IN 46613","16737"
"2006-575","EARNEST LEE EASTON ASSOCIATES","508 N HILL ST","SOUTH BEND","IN","46617","(574) 239-6578","PEDDLR","PEDDLER & CANVASSER","2007-01-31T05:00:00.000Z","2006-01-26T05:00:00.000Z","2006","575","RN","Renewed","SB4","COUNCIL DISTRICT 4","508 N HILL ST, SOUTH BEND, IN 46617","16738"
"2006-574","MADISON OYSTER BAR","129 N MAIN ST","SOUTH BEND","IN","46601","(574) 288-3776","RESTAM","RESTAURANTS A-M","2007-02-28T05:00:00.000Z","2006-03-27T05:00:00.000Z","2006","574","RN","Renewed","SB2","COUNCIL DISTRICT 2","129 N MAIN ST, SOUTH BEND, IN 46601","16739"
"2006-573","MICHIANA ARBOR SUPPLY","2415 W WASHINGTON ST","SOUTH BEND","IN","46628","(574) 234-0497","ARBOR","ARBORIST/TREE SERVICE","2007-01-31T05:00:00.000Z","2006-03-06T05:00:00.000Z","2006","573","RN","Renewed","SB2","COUNCIL DISTRICT 2","2415 W WASHINGTON ST, SOUTH BEND, IN 46628","16740"
"2006-572","RICHEY RADIATOR SERVICE","416 W WESTERN AVE","SOUTH BEND","IN","46628","(574) 234-3312","AUTO","AUTOMOTIVE REPAIR & SVC","2007-01-31T05:00:00.000Z","2006-02-13T05:00:00.000Z","2006","572","RN","Renewed","SB2","COUNCIL DISTRICT 2","416 W WESTERN AVE, SOUTH BEND, IN 46628","16741"
"2006-571","1 STOP - DONT USE","1824 LINCOLN WAY E","SOUTH BEND","IN","466133423","(574) 288-2277","AUTO","AUTOMOTIVE REPAIR & SVC","2007-01-31T05:00:00.000Z","2006-03-06T05:00:00.000Z","2006","571","OB","Out of Business","","","1824 LINCOLN WAY E, SOUTH BEND, IN 466133423","16742"
"2006-570","MIAMI AUTO GLASS","918 S MICHIGAN ST","SOUTH BEND","IN","46601","(574) 289-2393","AUTO","AUTOMOTIVE REPAIR & SVC","2007-01-31T05:00:00.000Z","2006-02-20T05:00:00.000Z","2006","570","RN","Renewed","SB3","COUNCIL DISTRICT 3","918 S MICHIGAN ST, SOUTH BEND, IN 46601","16743"
"2006-569","B&D AUTO SERVICE & CONV MART","1956 E EWING AVE","SOUTH BEND","IN","46613","(574) 282-1133","AUTO","AUTOMOTIVE REPAIR & SVC","2007-01-31T05:00:00.000Z","2006-02-16T05:00:00.000Z","2006","569","IN","Incative and no longer licensed","SB5","COUNCIL DISTRICT 5","1956 E EWING AVE, SOUTH BEND, IN 46613","16744"
"2006-568","IDLE HOURS BOOKSHOP","212 S MICHIGAN ST","SOUTH BEND","IN","46601","(574) 234-3860","SECOND","SECOND HAND DEALERS","2007-01-31T05:00:00.000Z","2006-02-10T05:00:00.000Z","2006","568","RN","Renewed","SB1","COUNCIL DISTRICT 1","212 S MICHIGAN ST, SOUTH BEND, IN 46601","16745"
"2006-567","CRAIG'S SERVICE CENTER","5307 W WESTERN AVE","SOUTH BEND","IN","46619","(574) 288-9110","AUTO","AUTOMOTIVE REPAIR & SVC","2007-01-31T05:00:00.000Z","2006-03-09T05:00:00.000Z","2006","567","RN","Renewed","SB2","COUNCIL DISTRICT 2","5307 W WESTERN AVE, SOUTH BEND, IN 46619","16746"
"2006-566","SHAPIRO SALES","2920 W SAMPLE ST","SOUTH BEND","IN","46619","(574) 287-5555","SMD","SCRAP METAL /JUNK DEALERS","2007-01-31T05:00:00.000Z","2006-04-06T04:00:00.000Z","2006","566","RN","Renewed","SB6","COUNCIL DISTRICT 6","2920 W SAMPLE ST, SOUTH BEND, IN 46619","16747"
"2006-565","MARK TEMPLE TREE SERVICE","202 S OLIVE ST","SOUTH BEND","IN","46601","(574) 232-2700","ARBOR","ARBORIST/TREE SERVICE","2007-01-31T05:00:00.000Z","2006-05-17T04:00:00.000Z","2006","565","RN","Renewed","","","202 S OLIVE ST, SOUTH BEND, IN 46601","16748"
"2006-564","W D CARBOX, INC","244 S OLIVE ST","SOUTH BEND","IN","46619","(574) 288-2194","AUTO","AUTOMOTIVE REPAIR & SVC","2007-01-31T05:00:00.000Z","2006-04-18T04:00:00.000Z","2006","564","RN","Renewed","SB6","COUNCIL DISTRICT 6","244 S OLIVE ST, SOUTH BEND, IN 46619","16749"
"2006-563","CAR WASH, RIMS & MORE","519 S EDDY ST","SOUTH BEND","IN","46617","(574) 288-4969","AUTO","AUTOMOTIVE REPAIR & SVC","2007-01-31T05:00:00.000Z","2006-04-03T04:00:00.000Z","2006","563","RN","Renewed","SB4","COUNCIL DISTRICT 4","519 S EDDY ST, SOUTH BEND, IN 46617","16750"
"2006-562","POWER BRAKE AND SPRING","6139 PARKLAND DR","SOUTH BEND","IN","46628","(574) 289-1044","AUTO","AUTOMOTIVE REPAIR & SVC","2007-01-31T05:00:00.000Z","2006-02-15T05:00:00.000Z","2006","562","RN","Renewed","SB1","COUNCIL DISTRICT 1","6139 PARKLAND DR, SOUTH BEND, IN 46628","16751"
"2006-561","PAT'S AUTO-TECH & RADIATOR","5601 S MICHIGAN ST","SOUTH BEND","IN","46614","(574) 291-5944","AUTO","AUTOMOTIVE REPAIR & SVC","2007-01-31T05:00:00.000Z","2006-02-09T05:00:00.000Z","2006","561","RN","Renewed","","","5601 S MICHIGAN ST, SOUTH BEND, IN 46614","16752"
"2006-560","MIDAS / BLE AUTOMOTIVE","525 S MICHIGAN ST","SOUTH BEND","IN","46601","(574) 289-2299","AUTO","AUTOMOTIVE REPAIR & SVC","2007-01-31T05:00:00.000Z","2006-02-15T05:00:00.000Z","2006","560","RN","Renewed","","","525 S MICHIGAN ST, SOUTH BEND, IN 46601","16753"
"2006-559","LINE DESIGNS OF INDIANA, INC","2408 S MICHIGAN ST","SOUTH BEND","IN","46614","(574) 233-4191","AUTO","AUTOMOTIVE REPAIR & SVC","2007-01-31T05:00:00.000Z","2006-02-24T05:00:00.000Z","2006","559","RN","Renewed","SB5","COUNCIL DISTRICT 5","2408 S MICHIGAN ST, SOUTH BEND, IN 46614","16754"
"2006-558","LASALLE BODY SHOP, INC","503 E COLFAX AVE","SOUTH BEND","IN","46617","(574) 232-4146","AUTO","AUTOMOTIVE REPAIR & SVC","2007-01-31T05:00:00.000Z","2006-05-31T04:00:00.000Z","2006","558","RN","Renewed","SB4","COUNCIL DISTRICT 4","503 E COLFAX AVE, SOUTH BEND, IN 46617","16755"
"2006-557","GURLEY-LEEP","320 E IRELAND RD","SOUTH BEND","IN","46614","(574) 291-6910","AUTO","AUTOMOTIVE REPAIR & SVC","2007-01-31T05:00:00.000Z","2006-02-09T05:00:00.000Z","2006","557","RN","Renewed","SB5","COUNCIL DISTRICT 5","320 E IRELAND RD, SOUTH BEND, IN 46614","16756"
"2006-556","GATES TOYOTA, INC","333 W WESTERN AVE","SOUTH BEND","IN","46601","(574) 237-4999","AUTO","AUTOMOTIVE REPAIR & SVC","2007-01-31T05:00:00.000Z","2006-02-09T05:00:00.000Z","2006","556","RN","Renewed","SB2","COUNCIL DISTRICT 2","333 W WESTERN AVE, SOUTH BEND, IN 46601","16757"
"2006-555","GATES CHEVROLET CORP","401 S LAFAYETTE BLVD","SOUTH BEND","IN","46601","(574) 237-4000","AUTO","AUTOMOTIVE REPAIR & SVC","2007-01-31T05:00:00.000Z","2006-02-09T05:00:00.000Z","2006","555","RN","Renewed","SB2","COUNCIL DISTRICT 2","401 S LAFAYETTE BLVD, SOUTH BEND, IN 46601","16758"
"2006-554","JIMMY'S CC&B","1122 E INDIANA AVE","SOUTH BEND","IN","46613","(574) 288-1094","PEDDLR","PEDDLER & CANVASSER","2007-01-31T05:00:00.000Z","2006-01-30T05:00:00.000Z","2006","554","IN","Incative and no longer licensed","SB3","COUNCIL DISTRICT 3","1122 E INDIANA AVE, SOUTH BEND, IN 46613","16759"
"2006-551","ALARMS BY TURNER","56085 CHAPEL LN","SOUTH BEND","IN","46619","(574) 282-1102","ALARM","ALARM AGENT","2007-01-31T05:00:00.000Z","2006-01-31T05:00:00.000Z","2006","551","RN","Renewed","","","56085 CHAPEL LN, SOUTH BEND, IN 46619","16762"
"2006-550","TORCH LOUNGE, INC","1817 S MICHIGAN ST","SOUTH BEND","IN","46613","(574) 234-6863","ADULT","ADULT BUSINESS","2007-01-31T05:00:00.000Z","2006-03-10T05:00:00.000Z","2006","550","RN","Renewed","SB3","COUNCIL DISTRICT 3","1817 S MICHIGAN ST, SOUTH BEND, IN 46613","16763"
"2006-549","PEACHES SHOWBAR","1811 S MICHIGAN ST","SOUTH BEND","IN","46613","(574) 287-6933","ADULT","ADULT BUSINESS","2007-01-31T05:00:00.000Z","2006-03-13T05:00:00.000Z","2006","549","RN","Renewed","SB3","COUNCIL DISTRICT 3","1811 S MICHIGAN ST, SOUTH BEND, IN 46613","16764"
"2006-834","MC DONALD'S 4584","1519 N IRONWOOD DR","SOUTH BEND","IN","46635","(574) 277-0193","RESTAM","RESTAURANTS A-M","2007-02-28T05:00:00.000Z","2006-03-27T05:00:00.000Z","2006","834","RN","Renewed","SB4","COUNCIL DISTRICT 4","1519 N IRONWOOD DR, SOUTH BEND, IN 46635","16765"
"2006-833","BOOKMAKER'S PUB","2046 SOUTH BEND AVE","SOUTH BEND","IN","46637","(574) 272-1766","RESTAM","RESTAURANTS A-M","2007-02-28T05:00:00.000Z","2006-03-20T05:00:00.000Z","2006","833","IN","Incative and no longer licensed","SB4","COUNCIL DISTRICT 4","2046 SOUTH BEND AVE, SOUTH BEND, IN 46637","16766"
"2006-832","CASA DEL RIO","1705 SOUTH BEND AVE","SOUTH BEND","IN","46637","(574) 243-3332","RESTAM","RESTAURANTS A-M","2007-02-28T05:00:00.000Z","2006-03-09T05:00:00.000Z","2006","832","RN","Renewed","SB4","COUNCIL DISTRICT 4","1705 SOUTH BEND AVE, SOUTH BEND, IN 46637","16767"
"2006-831","HOOSIER TRUCK SERVICES","6103 US 31 S","SOUTH BEND","IN","46614","(574) 282-2250","AUTO","AUTOMOTIVE REPAIR & SVC","2007-01-31T05:00:00.000Z","2006-04-25T04:00:00.000Z","2006","831","IN","Incative and no longer licensed","","","6103 US 31 S, SOUTH BEND, IN 46614","16768"
"2006-830","LULA'S CAFE","1631 EDISON RD","SOUTH BEND","IN","46637","(574) 273-6216","RESTAM","RESTAURANTS A-M","2007-02-28T05:00:00.000Z","2006-03-09T05:00:00.000Z","2006","830","RN","Renewed","SB4","COUNCIL DISTRICT 4","1631 EDISON RD, SOUTH BEND, IN 46637","16769"
"2006-829","LIFE TREATMENT CENTERS","1402 S MICHIGAN ST","SOUTH BEND","IN","46628","(574) 233-5433","RESTAM","RESTAURANTS A-M","2007-02-28T05:00:00.000Z","2006-03-09T05:00:00.000Z","2006","829","RN","Renewed","SB3","COUNCIL DISTRICT 3","1402 S MICHIGAN ST, SOUTH BEND, IN 46628","16770"
"2006-827","CRAIG'S SERVICE CENTER","5307 W WESTERN AVE","SOUTH BEND","IN","46619","(574) 288-9110","RESTAM","RESTAURANTS A-M","2007-02-28T05:00:00.000Z","2006-03-14T05:00:00.000Z","2006","827","1N","1st Renewal Notice","SB2","COUNCIL DISTRICT 2","5307 W WESTERN AVE, SOUTH BEND, IN 46619","16772"
"2006-826","BOOTLEG'ERS","1302 FORD ST","SOUTH BEND","IN","46619","(574) 234-0744","RESTAM","RESTAURANTS A-M","2007-02-28T05:00:00.000Z","2006-03-20T05:00:00.000Z","2006","826","RN","Renewed","SB6","COUNCIL DISTRICT 6","1302 FORD ST, SOUTH BEND, IN 46619","16773"
"2006-825","TAPHOUSE ON THE EDGE","1803 SOUTH BEND AVE","SOUTH BEND","IN","466375637","(574) 247-9293","RESTAM","RESTAURANTS A-M","2007-02-28T05:00:00.000Z","2006-03-09T05:00:00.000Z","2006","825","RN","Renewed","","","1803 SOUTH BEND AVE, SOUTH BEND, IN 466375637","16774"
"2006-824","BAKER'S DOZEN BAKESHOP","2909 W SAMPLE ST","SOUTH BEND","IN","46619","(574) 289-9559","RESTAM","RESTAURANTS A-M","2007-02-28T05:00:00.000Z","2006-03-07T05:00:00.000Z","2006","824","RN","Renewed","SB6","COUNCIL DISTRICT 6","2909 W SAMPLE ST, SOUTH BEND, IN 46619","16775"
"2006-823","ALLIE'S CAFE & CATERING","2323 MISHAWAKA AVE","SOUTH BEND","IN","46615","(574) 232-9520","RESTAM","RESTAURANTS A-M","2007-02-28T05:00:00.000Z","2006-03-09T05:00:00.000Z","2006","823","RN","Renewed","SB3","COUNCIL DISTRICT 3","2323 MISHAWAKA AVE, SOUTH BEND, IN 46615","16776"
"2006-822","FRANKIE'S BBQ","1621 W WASHINGTON ST","SOUTH BEND","IN","466282159","(574) 287-8993","RESTAM","RESTAURANTS A-M","2007-02-28T05:00:00.000Z","2006-03-17T05:00:00.000Z","2006","822","RN","Renewed","SB2","COUNCIL DISTRICT 2","1621 W WASHINGTON ST, SOUTH BEND, IN 466282159","16777"
"2006-821","LEE'S CHICKEN","309 S LOGAN ST","SOUTH BEND","IN","46615","(574) 289-6464","RESTAM","RESTAURANTS A-M","2007-02-28T05:00:00.000Z","2006-03-22T05:00:00.000Z","2006","821","IN","Incative and no longer licensed","SB3","COUNCIL DISTRICT 3","309 S LOGAN ST, SOUTH BEND, IN 46615","16778"
"2006-820","LISA'S ELEVEN-FORTY CAFE","1140 1/2 W WESTERN AVE","SOUTH BEND","IN","46619","(574) 287-5472","RESTAM","RESTAURANTS A-M","2007-02-28T05:00:00.000Z","2006-03-13T05:00:00.000Z","2006","820","IN","Incative and no longer licensed","SB2","COUNCIL DISTRICT 2","1140 1/2 W WESTERN AVE, SOUTH BEND, IN 46619","16779"
"2006-819","BENDIX FAMILY RESTAURANT","4920 W WESTERN AVE","SOUTH BEND","IN","46601","(574) 287-3037","RESTAM","RESTAURANTS A-M","2007-02-28T05:00:00.000Z","2006-03-07T05:00:00.000Z","2006","819","RN","Renewed","SB6","COUNCIL DISTRICT 6","4920 W WESTERN AVE, SOUTH BEND, IN 46601","16780"
"2006-818","BENDIX PANCAKE HOUSE","1007 N BENDIX DR","SOUTH BEND","IN","46628","(574) 234-5766","RESTAM","RESTAURANTS A-M","2007-02-28T05:00:00.000Z","2006-03-09T05:00:00.000Z","2006","818","IN","Incative and no longer licensed","SB2","COUNCIL DISTRICT 2","1007 N BENDIX DR, SOUTH BEND, IN 46628","16781"
"2006-817","MI COCINITA","4333 W WESTERN AVE","SOUTH BEND","IN","466192614","(574) 288-4131","RESTAM","RESTAURANTS A-M","2007-02-28T05:00:00.000Z","2006-07-28T04:00:00.000Z","2006","817","RN","Renewed","SB2","COUNCIL DISTRICT 2","4333 W WESTERN AVE, SOUTH BEND, IN 466192614","16782"
"2006-816","ALL OCCASIONS CATERING, INC","1430 N IRONWOOD DR","SOUTH BEND","IN","46635","(574) 274-3207","RESTAM","RESTAURANTS A-M","2007-02-28T05:00:00.000Z","2006-07-14T04:00:00.000Z","2006","816","RN","Renewed","SB4","COUNCIL DISTRICT 4","1430 N IRONWOOD DR, SOUTH BEND, IN 46635","16783"
"2006-815","BYERS SOFTBALL COMPLEX","1300 S MAYFLOWER RD","SOUTH BEND","IN","46619","(574) 282-1449","RESTAM","RESTAURANTS A-M","2007-02-28T05:00:00.000Z","2006-04-20T04:00:00.000Z","2006","815","RN","Renewed","SB6","COUNCIL DISTRICT 6","1300 S MAYFLOWER RD, SOUTH BEND, IN 46619","16784"
"2006-814","VEDA SALON & DAY SPA","2041 E IRELAND RD","SOUTH BEND","IN","466142908","(574) 291-1001","MSGEST","MASSAGE ESTABLISHMENT","2007-01-31T05:00:00.000Z","2006-07-13T04:00:00.000Z","2006","814","RN","Renewed","SB5","COUNCIL DISTRICT 5","2041 E IRELAND RD, SOUTH BEND, IN 466142908","16785"
"2006-813","7-ELEVEN #21387B","323 N EDDY ST","SOUTH BEND","IN","46617","(574) 232-2288","RESTAM","RESTAURANTS A-M","2007-02-28T05:00:00.000Z","2006-05-17T04:00:00.000Z","2006","813","IN","Incative and no longer licensed","SB4","COUNCIL DISTRICT 4","323 N EDDY ST, SOUTH BEND, IN 46617","16786"
"2006-812","7-ELEVEN #32573B","501 E LASALLE AVE","SOUTH BEND","IN","46617","(574) 234-5221","RESTAM","RESTAURANTS A-M","2007-02-28T05:00:00.000Z","2006-03-27T05:00:00.000Z","2006","812","RN","Renewed","","","501 E LASALLE AVE, SOUTH BEND, IN 46617","16787"
"2006-811","LITTLE CAESAR","4640 S MICHIGAN ST","SOUTH BEND","IN","46614","(847) 286-1140","RESTAM","RESTAURANTS A-M","2007-02-28T05:00:00.000Z","2006-03-09T05:00:00.000Z","2006","811","RN","Renewed","SB5","COUNCIL DISTRICT 5","4640 S MICHIGAN ST, SOUTH BEND, IN 46614","16788"
"2006-810","JAMISON INN","1404 IVY CT","SOUTH BEND","IN","46637","(574) 277-6500","RESTAM","RESTAURANTS A-M","2007-02-28T05:00:00.000Z","2006-04-10T04:00:00.000Z","2006","810","RN","Renewed","SB4","COUNCIL DISTRICT 4","1404 IVY CT, SOUTH BEND, IN 46637","16789"
"2006-809","HOT DOGGIN","111 S MICHIGAN ST HOT","SOUTH BEND","IN","46601","(574) 220-2411","RESTAM","RESTAURANTS A-M","2007-02-28T05:00:00.000Z","2006-03-27T05:00:00.000Z","2006","809","IN","Incative and no longer licensed","SB2","COUNCIL DISTRICT 2","111 S MICHIGAN ST HOT, SOUTH BEND, IN 46601","16790"
"2006-808","BARNABY'S","713 E JEFFERSON BLVD","SOUTH BEND","IN","46617","(574) 288-4981","RESTAM","RESTAURANTS A-M","2007-02-28T05:00:00.000Z","2006-03-27T05:00:00.000Z","2006","808","RN","Renewed","SB4","COUNCIL DISTRICT 4","713 E JEFFERSON BLVD, SOUTH BEND, IN 46617","16791"
"2006-807","CREST MANOR CHURCH OF BRETHREN","1342 BERKSHIRE DR","SOUTH BEND","IN","46614","(574) 291-3748","RESTAM","RESTAURANTS A-M","2007-02-28T05:00:00.000Z","2006-03-22T05:00:00.000Z","2006","807","RN","Renewed","SB5","COUNCIL DISTRICT 5","1342 BERKSHIRE DR, SOUTH BEND, IN 46614","16792"
"2006-806","BRYAN'S PIANO BARR","2410 MISHAWAKA AVE","SOUTH BEND","IN","46615","(574) 251-0542","RESTAM","RESTAURANTS A-M","2007-02-28T05:00:00.000Z","2006-03-22T05:00:00.000Z","2006","806","RN","Renewed","SB3","COUNCIL DISTRICT 3","2410 MISHAWAKA AVE, SOUTH BEND, IN 46615","16793"
"2006-805","HOLY CROSS SCHOOL","1020 WILBER ST","SOUTH BEND","IN","46628","(574) 233-2179","RESTAM","RESTAURANTS A-M","2007-02-28T05:00:00.000Z","2006-04-12T04:00:00.000Z","2006","805","RN","Renewed","SB1","COUNCIL DISTRICT 1","1020 WILBER ST, SOUTH BEND, IN 46628","16794"
"2006-804","STUDEBAGEL'S","1801 SOUTH BEND AVE","SOUTH BEND","IN","46637","(574) 277-4440","RESTAM","RESTAURANTS A-M","2007-02-28T05:00:00.000Z","2006-03-09T05:00:00.000Z","2006","804","RN","Renewed","SB4","COUNCIL DISTRICT 4","1801 SOUTH BEND AVE, SOUTH BEND, IN 46637","16795"
"2006-803","PEGGS","127 S MICHIGAN ST","SOUTH BEND","IN","46601","(574) 520-1777","RESTAM","RESTAURANTS A-M","2007-02-28T05:00:00.000Z","2006-03-27T05:00:00.000Z","2006","803","RN","Renewed","SB2","COUNCIL DISTRICT 2","127 S MICHIGAN ST, SOUTH BEND, IN 46601","16796"
"2006-802","LITTLE LINDA'S CAFE","3307 W SAMPLE ST","SOUTH BEND","IN","46619","(000) 000-0000","RESTAM","RESTAURANTS A-M","2007-02-28T05:00:00.000Z","2006-03-07T05:00:00.000Z","2006","802","RN","Renewed","SB6","COUNCIL DISTRICT 6","3307 W SAMPLE ST, SOUTH BEND, IN 46619","16797"
"2006-801","SAINT JOHN THE BAPTIST CATHOLI","3616 SAINT JOHNS WAY","SOUTH BEND","IN","46628","(574) 232-9849","RESTZ","RESTAURANTS N-Z","2007-03-31T04:00:00.000Z","2006-03-17T05:00:00.000Z","2006","801","RN","Renewed","SB2","COUNCIL DISTRICT 2","3616 SAINT JOHNS WAY, SOUTH BEND, IN 46628","16798"
"2006-800","MEIJER STORE #120","3600 PORTAGE AVE","SOUTH BEND","IN","46628","(616) 791-5602","RESTAM","RESTAURANTS A-M","2007-02-28T05:00:00.000Z","2006-03-27T05:00:00.000Z","2006","800","RN","Renewed","SB1","COUNCIL DISTRICT 1","3600 PORTAGE AVE, SOUTH BEND, IN 46628","16799"
"2006-799","MEIJER GAS STATION #120","3600 PORTAGE AVE","SOUTH BEND","IN","46628","(616) 791-5602","RESTAM","RESTAURANTS A-M","2007-02-28T05:00:00.000Z","2006-03-27T05:00:00.000Z","2006","799","RN","Renewed","SB1","COUNCIL DISTRICT 1","3600 PORTAGE AVE, SOUTH BEND, IN 46628","16800"
"2006-1476","WORRELL, ROBERT C","628 W WESTERN AVE","SOUTH BEND","IN","46601","(574) 288-4485","TAXID","TAXI DRIVER","2007-06-01T04:00:00.000Z","2006-09-14T04:00:00.000Z","2006","1476","IR","In Review","SB2","COUNCIL DISTRICT 2","628 W WESTERN AVE, SOUTH BEND, IN 46601","16801"
"2006-1475","MARINE CORPS LEAGUE","539 PARRY ST","SOUTH BEND","IN","46617","(574) 233-0253","RESTAM","RESTAURANTS A-M","2007-02-28T05:00:00.000Z","2006-09-22T04:00:00.000Z","2006","1475","RN","Renewed","SB4","COUNCIL DISTRICT 4","539 PARRY ST, SOUTH BEND, IN 46617","16802"
"2006-448","BARRY SEAT COVER","1924 S MICHIGAN ST","SOUTH BEND","IN","46613","(574) 288-4603","AUTO","AUTOMOTIVE REPAIR & SVC","2007-01-31T05:00:00.000Z","2006-02-08T05:00:00.000Z","2006","448","RN","Renewed","SB3","COUNCIL DISTRICT 3","1924 S MICHIGAN ST, SOUTH BEND, IN 46613","16803"
"2006-1474","EXPRESS & ABC CAB","1733 S MICHIGAN ST","SOUTH BEND","IN","46613","(574) 233-6000","TAXICAB","TAXI VEHICLE","2007-06-01T04:00:00.000Z","2006-09-14T04:00:00.000Z","2006","1474","AC","Active and Licensed","SB3","COUNCIL DISTRICT 3","1733 S MICHIGAN ST, SOUTH BEND, IN 46613","16804"
"2006-1473","STEPHEN DRAGOVICH","616 N SAINT PETER ST","SOUTH BEND","IN","46617","(574) 288-7162","PEDDLR","PEDDLER & CANVASSER","2007-01-31T05:00:00.000Z","2006-09-21T04:00:00.000Z","2006","1473","RN","Renewed","SB4","COUNCIL DISTRICT 4","616 N SAINT PETER ST, SOUTH BEND, IN 46617","16805"
"2006-1471","MCCLENTY, VIOLA","1130 W BRYAN ST","SOUTH BEND","IN","46616","(574) 339-2966","TAXID","TAXI DRIVER","2007-06-01T04:00:00.000Z","2006-09-14T04:00:00.000Z","2006","1471","AC","Active and Licensed","SB1","COUNCIL DISTRICT 1","1130 W BRYAN ST, SOUTH BEND, IN 46616","16806"
"2006-1470","ANTHONY F PENNINO","1220 N LAFAYETTE BLVD","SOUTH BEND","IN","46617","(574) 250-3741","PEDDLR","PEDDLER & CANVASSER","2007-01-31T05:00:00.000Z","2006-09-25T04:00:00.000Z","2006","1470","RN","Renewed","SB4","COUNCIL DISTRICT 4","1220 N LAFAYETTE BLVD, SOUTH BEND, IN 46617","16807"
"2006-1469","DOWNTOWN SOUTH BEND, INC","217 S MICHIGAN ST","SOUTH BEND","IN","46601","(574) 282-1110","CHAR","CHARITABLE SOLICITATIONS","2007-01-31T05:00:00.000Z","2006-09-20T04:00:00.000Z","2006","1469","RN","Renewed","","","217 S MICHIGAN ST, SOUTH BEND, IN 46601","16808"
"2006-1467","ENGLISH ROSE INN - DO NOT USE","116 S TAYLOR ST","SOUTH BEND","IN","46601","(574) 289-2114","RESTAM","RESTAURANTS A-M","2007-02-28T05:00:00.000Z","2006-09-22T04:00:00.000Z","2006","1467","RN","Renewed","SB2","COUNCIL DISTRICT 2","116 S TAYLOR ST, SOUTH BEND, IN 46601","16810"
"2006-1466","NOMA RESTAURANT","119 N MICHIGAN ST","SOUTH BEND","IN","46601","(574) 274-7450","RESTAM","RESTAURANTS A-M","2007-02-28T05:00:00.000Z","2006-10-11T04:00:00.000Z","2006","1466","RN","Renewed","SB2","COUNCIL DISTRICT 2","119 N MICHIGAN ST, SOUTH BEND, IN 46601","16811"
"2006-1464","MINNIE BO RIBS","1740 SOUTH BEND AVE","SOUTH BEND","IN","46637","(574) 272-7427","RESTAM","RESTAURANTS A-M","2007-02-28T05:00:00.000Z","2006-09-12T04:00:00.000Z","2006","1464","IN","Incative and no longer licensed","SB4","COUNCIL DISTRICT 4","1740 SOUTH BEND AVE, SOUTH BEND, IN 46637","16813"
"2006-1463","RIPPLES BAR & GRILL","2035 S MICHIGAN ST","SOUTH BEND","IN","466132326","(574) 233-3521","RESTZ","RESTAURANTS N-Z","2007-03-31T04:00:00.000Z","2006-10-10T04:00:00.000Z","2006","1463","RN","Renewed","SB3","COUNCIL DISTRICT 3","2035 S MICHIGAN ST, SOUTH BEND, IN 466132326","16814"
"2006-1462","FRANK PENNINO","708 W ANGELA BLVD","SOUTH BEND","IN","46617","(574) 232-2378","PEDDLR","PEDDLER & CANVASSER","2007-01-31T05:00:00.000Z","2006-09-14T04:00:00.000Z","2006","1462","IN","Incative and no longer licensed","SB4","COUNCIL DISTRICT 4","708 W ANGELA BLVD, SOUTH BEND, IN 46617","16815"
"2006-1461","JOHNNY LAVOIE","105 E JEFFERSON BLVD","SOUTH BEND","IN","46601","(613) 323-2333","PEDDLR","PEDDLER & CANVASSER","2007-01-31T05:00:00.000Z","2006-10-09T04:00:00.000Z","2006","1461","IN","Incative and no longer licensed","SB2","COUNCIL DISTRICT 2","105 E JEFFERSON BLVD, SOUTH BEND, IN 46601","16816"
"2006-1460","ROBERT PASZKIET","114 S GREENLAWN AVE","SOUTH BEND","IN","46615","(574) 232-0964","PEDDLR","PEDDLER & CANVASSER","2007-01-31T05:00:00.000Z","2006-09-15T04:00:00.000Z","2006","1460","RN","Renewed","SB4","COUNCIL DISTRICT 4","114 S GREENLAWN AVE, SOUTH BEND, IN 46615","16817"
"2006-1457","DAVID LEWINSKI","20939 CABOT AVE","","","465369533","(574) 784-8638","PEDDLR","PEDDLER & CANVASSER","2007-01-31T05:00:00.000Z","2006-09-14T04:00:00.000Z","2006","1457","RN","Renewed","","","20939 CABOT AVE, ,  465369533","16820"
"2006-1456","CHRISTOPHER TOD BEHRE","826 S 25TH ST","SOUTH BEND","IN","46615","(574) 210-2756","PEDDLR","PEDDLER & CANVASSER","2007-01-31T05:00:00.000Z","2006-09-13T04:00:00.000Z","2006","1456","RN","Renewed","SB3","COUNCIL DISTRICT 3","826 S 25TH ST, SOUTH BEND, IN 46615","16821"
"2006-1455","PATRICK BASHAW","906 ALLEN ST","SOUTH BEND","IN","46616","(000) 000-0000","PEDDLR","PEDDLER & CANVASSER","2007-01-31T05:00:00.000Z","2006-09-14T04:00:00.000Z","2006","1455","PP","Payment Pending","SB1","COUNCIL DISTRICT 1","906 ALLEN ST, SOUTH BEND, IN 46616","16822"
"2006-1453","UNITED CAB","2107 S MICHIGAN ST","SOUTH BEND","IN","46613","(574) 233-9599","TAXICAB","TAXI VEHICLE","2007-06-01T04:00:00.000Z","2006-09-07T04:00:00.000Z","2006","1453","AC","Active and Licensed","SB3","COUNCIL DISTRICT 3","2107 S MICHIGAN ST, SOUTH BEND, IN 46613","16824"
"2006-447","BRIAN A ANDERSON","54152 ASH RD","OSCEOLA","IN","46561","(574) 675-7620","PEDDLR","PEDDLER & CANVASSER","2007-01-31T05:00:00.000Z","2006-01-19T05:00:00.000Z","2006","447","IN","Incative and no longer licensed","","","54152 ASH RD, OSCEOLA, IN 46561","16825"
"2006-1452","IRISH CAB CO","16400 1/2 CHANDLER BLVD","MISHAWAKA","IN","46544","(574) 239-2222","TAXICAB","TAXI VEHICLE","2007-06-01T04:00:00.000Z","2006-09-07T04:00:00.000Z","2006","1452","AC","Active and Licensed","","","16400 1/2 CHANDLER BLVD, MISHAWAKA, IN 46544","16826"
"2006-1451","YELLOW CAB OF MICHIANA, INC","1818 S MAIN ST","SOUTH BEND","IN","46613","(574) 233-9333","TAXICAB","TAXI VEHICLE","2007-06-01T04:00:00.000Z","2006-09-07T04:00:00.000Z","2006","1451","AC","Active and Licensed","SB3","COUNCIL DISTRICT 3","1818 S MAIN ST, SOUTH BEND, IN 46613","16827"
"2006-1450","CHECKER CAB OF NORTHERN INDIAN","1635 N IRONWOOD DR","SOUTH BEND","IN","46615","(574) 288-7777","TAXICAB","TAXI VEHICLE","2007-06-01T04:00:00.000Z","2006-09-07T04:00:00.000Z","2006","1450","AC","Active and Licensed","SB4","COUNCIL DISTRICT 4","1635 N IRONWOOD DR, SOUTH BEND, IN 46615","16828"
"2006-145","THE LOUVERED DOOR","1622 W WESTERN AVE","SOUTH BEND","IN","46619","(574) 237-9170","RESTZ","RESTAURANTS N-Z","2007-03-31T04:00:00.000Z","2006-02-20T05:00:00.000Z","2006","145","RN","Renewed","SB6","COUNCIL DISTRICT 6","1622 W WESTERN AVE, SOUTH BEND, IN 46619","16829"
"2006-1449","YELLOW CAB OF MICHIANA, INC","1818 S MAIN ST","SOUTH BEND","IN","46613","(574) 233-9333","TAXICAB","TAXI VEHICLE","2007-06-01T04:00:00.000Z","2006-09-07T04:00:00.000Z","2006","1449","AC","Active and Licensed","SB3","COUNCIL DISTRICT 3","1818 S MAIN ST, SOUTH BEND, IN 46613","16830"
"2006-1448","WILLIAMS, JACKIE","1240 N KALEY ST","SOUTH BEND","IN","46628","(574) 440-0346","TAXID","TAXI DRIVER","2007-06-01T04:00:00.000Z","2006-08-31T04:00:00.000Z","2006","1448","IR","In Review","SB2","COUNCIL DISTRICT 2","1240 N KALEY ST, SOUTH BEND, IN 46628","16831"
"2006-1447","EXPRESS & ABC CAB","1733 S MICHIGAN ST","SOUTH BEND","IN","46613","(574) 233-6000","TAXICAB","TAXI VEHICLE","2007-06-01T04:00:00.000Z","2006-08-31T04:00:00.000Z","2006","1447","AC","Active and Licensed","SB3","COUNCIL DISTRICT 3","1733 S MICHIGAN ST, SOUTH BEND, IN 46613","16832"
"2006-1446","EXPRESS & ABC CAB","1733 S MICHIGAN ST","SOUTH BEND","IN","46613","(574) 233-6000","TAXICAB","TAXI VEHICLE","2007-06-01T04:00:00.000Z","2006-08-31T04:00:00.000Z","2006","1446","AC","Active and Licensed","SB3","COUNCIL DISTRICT 3","1733 S MICHIGAN ST, SOUTH BEND, IN 46613","16833"
"2006-1445","EXPRESS & ABC CAB","1733 S MICHIGAN ST","SOUTH BEND","IN","46613","(574) 233-6000","TAXICAB","TAXI VEHICLE","2007-06-01T04:00:00.000Z","2006-08-31T04:00:00.000Z","2006","1445","AC","Active and Licensed","SB3","COUNCIL DISTRICT 3","1733 S MICHIGAN ST, SOUTH BEND, IN 46613","16834"
"2006-1444","ASHLAND, INC","1817 W INDIANA AVE","SOUTH BEND","IN","46619","(574) 233-0033","ALARM","ALARM AGENT","2007-01-31T05:00:00.000Z","2006-10-10T04:00:00.000Z","2006","1444","RN","Renewed","SB6","COUNCIL DISTRICT 6","1817 W INDIANA AVE, SOUTH BEND, IN 46619","16835"
"2006-1442","UNIVERSITY OUTFITTERS","2027 SOUTH BEND AVE","SOUTH BEND","IN","466375642","(574) 243-4197","OPARPV","OPEN AIR VENDORS PRIVATE","2007-01-31T05:00:00.000Z","2006-08-30T04:00:00.000Z","2006","1442","IN","Incative and no longer licensed","","","2027 SOUTH BEND AVE, SOUTH BEND, IN 466375642","16837"
"2006-1441","CHECKER CAB OF NORTHERN INDIAN","1635 N IRONWOOD DR","SOUTH BEND","IN","46615","(574) 288-7777","TAXICAB","TAXI VEHICLE","2007-06-01T04:00:00.000Z","2006-08-30T04:00:00.000Z","2006","1441","AC","Active and Licensed","SB4","COUNCIL DISTRICT 4","1635 N IRONWOOD DR, SOUTH BEND, IN 46615","16838"
"2006-1440","CHECKER CAB OF NORTHERN INDIAN","1635 N IRONWOOD DR","SOUTH BEND","IN","46615","(574) 288-7777","TAXICAB","TAXI VEHICLE","2007-06-01T04:00:00.000Z","2006-08-30T04:00:00.000Z","2006","1440","AC","Active and Licensed","SB4","COUNCIL DISTRICT 4","1635 N IRONWOOD DR, SOUTH BEND, IN 46615","16839"
"2006-1439","SEAN O'CASEY'S","123 N DR MARTIN LUTHER KING JR","SOUTH BEND","IN","46601","(574) 234-2000","RESTZ","RESTAURANTS N-Z","2007-03-31T04:00:00.000Z","2006-10-02T04:00:00.000Z","2006","1439","RN","Renewed","SB2","COUNCIL DISTRICT 2","123 N DR MARTIN LUTHER KING JR, SOUTH BEND, IN 46601","16840"
"2006-1438","ANDREWS, SHAWN X","1301 N MICHIGAN ST","SOUTH BEND","IN","46619","(574) 229-6396","TAXID","TAXI DRIVER","2007-06-01T04:00:00.000Z","2006-08-29T04:00:00.000Z","2006","1438","IR","In Review","SB4","COUNCIL DISTRICT 4","1301 N MICHIGAN ST, SOUTH BEND, IN 46619","16841"
"2006-1436","CUSHING MANOR BED & BREAKFAST","508 W WASHINGTON ST","SOUTH BEND","IN","46601","(574) 288-1990","RESTAM","RESTAURANTS A-M","2007-02-28T05:00:00.000Z","2006-09-07T04:00:00.000Z","2006","1436","RN","Renewed","SB2","COUNCIL DISTRICT 2","508 W WASHINGTON ST, SOUTH BEND, IN 46601","16843"
"2006-1435","MODERN CAB COMPANY","1843 COMMERCE DR","SOUTH BEND","IN","46628","(574) 400-9621","TAXICAB","TAXI VEHICLE","2007-06-01T04:00:00.000Z","2006-08-29T04:00:00.000Z","2006","1435","AC","Active and Licensed","SB1","COUNCIL DISTRICT 1","1843 COMMERCE DR, SOUTH BEND, IN 46628","16844"
"2006-498","FIRESTONE COMPLETE AUTO CARE","4921 W WESTERN AVE","SOUTH BEND","IN","46601","(574) 288-7800","AUTO","AUTOMOTIVE REPAIR & SVC","2007-01-31T05:00:00.000Z","2006-02-13T05:00:00.000Z","2006","498","RN","Renewed","SB2","COUNCIL DISTRICT 2","4921 W WESTERN AVE, SOUTH BEND, IN 46601","16845"
"2006-1434","CHECKER CAB OF NORTHERN INDIAN","1635 N IRONWOOD DR","SOUTH BEND","IN","46615","(574) 288-7777","TAXICAB","TAXI VEHICLE","2007-06-01T04:00:00.000Z","2006-08-23T04:00:00.000Z","2006","1434","AC","Active and Licensed","SB4","COUNCIL DISTRICT 4","1635 N IRONWOOD DR, SOUTH BEND, IN 46615","16846"
"2006-1433","RICO'S FILLING STA. & GRILLE","6301 US 31 S","SOUTH BEND","IN","46614","(574) 299-8900","RESTZ","RESTAURANTS N-Z","2007-03-31T04:00:00.000Z","2006-09-20T04:00:00.000Z","2006","1433","IN","Incative and no longer licensed","","","6301 US 31 S, SOUTH BEND, IN 46614","16847"
"2006-1432","CHECKER CAB OF NORTHERN INDIAN","1635 N IRONWOOD DR","SOUTH BEND","IN","46615","(574) 288-7777","TAXICAB","TAXI VEHICLE","2007-06-01T04:00:00.000Z","2006-08-23T04:00:00.000Z","2006","1432","AC","Active and Licensed","SB4","COUNCIL DISTRICT 4","1635 N IRONWOOD DR, SOUTH BEND, IN 46615","16848"
"2006-1431","DOMINIC'S PIZZERIA","1640 SOUTH BEND AVE","SOUTH BEND","IN","46617","(574) 289-0626","RESTAM","RESTAURANTS A-M","2007-02-28T05:00:00.000Z","2007-08-28T04:00:00.000Z","2006","1431","RN","Renewed","SB4","COUNCIL DISTRICT 4","1640 SOUTH BEND AVE, SOUTH BEND, IN 46617","16849"
"2006-1430","ALL AMERICAN NEWS STAND","101 N MICHIGAN ST","SOUTH BEND","IN","46601","(574) 968-1531","RESTAM","RESTAURANTS A-M","2007-02-28T05:00:00.000Z","2006-08-21T04:00:00.000Z","2006","1430","IN","Incative and no longer licensed","SB2","COUNCIL DISTRICT 2","101 N MICHIGAN ST, SOUTH BEND, IN 46601","16850"
"2006-1429","JENNY'S BAKERY","740 S WALNUT ST","SOUTH BEND","IN","46619","(574) 283-0211","RESTAM","RESTAURANTS A-M","2007-02-28T05:00:00.000Z","2006-09-27T04:00:00.000Z","2006","1429","RN","Renewed","SB6","COUNCIL DISTRICT 6","740 S WALNUT ST, SOUTH BEND, IN 46619","16851"
"2006-1428","DOC'S DOGS","50525 FERNWOOD DR","SOUTH BEND","IN","46628","(574) 993-5466","OPNAIR","OPEN AIR VENDORS PUBLIC","2007-01-31T05:00:00.000Z","2006-09-13T04:00:00.000Z","2006","1428","IN","Incative and no longer licensed","","","50525 FERNWOOD DR, SOUTH BEND, IN 46628","16852"
"2006-1427","CHECKER AUTOMOTIVE, LLC","506 N OLIVE ST","SOUTH BEND","IN","46628","(574) 234-7777","AUTO","AUTOMOTIVE REPAIR & SVC","2007-01-31T05:00:00.000Z","2006-08-15T04:00:00.000Z","2006","1427","IN","Incative and no longer licensed","SB2","COUNCIL DISTRICT 2","506 N OLIVE ST, SOUTH BEND, IN 46628","16853"
"2006-1531","HOOSIER TAP & GRILLE","718 W INDIANA AVE","SOUTH BEND","IN","46613","(574) 289-4318","RESTAM","RESTAURANTS A-M","2007-02-28T05:00:00.000Z","2006-11-20T05:00:00.000Z","2006","1531","PP","Payment Pending","SB3","COUNCIL DISTRICT 3","718 W INDIANA AVE, SOUTH BEND, IN 46613","16854"
"2006-372","BOB'S PUB/RETO, INC","1406 PORTAGE AVE","SOUTH BEND","IN","46616","(574) 233-0635","RESTAM","RESTAURANTS A-M","2007-02-28T05:00:00.000Z","2006-02-13T05:00:00.000Z","2006","372","RN","Renewed","SB1","COUNCIL DISTRICT 1","1406 PORTAGE AVE, SOUTH BEND, IN 46616","16855"
"2006-548","KC TREE, INC","10880 MCKINLEY HWY","OSCEOLA","IN","46561","(574) 674-7722","ARBOR","ARBORIST/TREE SERVICE","2007-01-31T05:00:00.000Z","2006-03-21T05:00:00.000Z","2006","548","RN","Renewed","","","10880 MCKINLEY HWY, OSCEOLA, IN 46561","16856"
"2006-1426","SUZAN MARIE VAN WYNSBERGLE","53400 STONERIDGE ST","","",NA,"(574) 243-1373","MSGTEC","MASSAGE THERAPY","2007-01-31T05:00:00.000Z","2006-08-15T04:00:00.000Z","2006","1426","RN","Renewed","","","53400 STONERIDGE ST, ,  ","16857"
"2006-446","RONALD A MORGAN","53192 TWYCKENHAM DR","SOUTH BEND","IN","46637","(574) 273-1584","PEDDLR","PEDDLER & CANVASSER","2007-01-31T05:00:00.000Z","2006-01-19T05:00:00.000Z","2006","446","IN","Incative and no longer licensed","","","53192 TWYCKENHAM DR, SOUTH BEND, IN 46637","16858"
"2006-445","E H MC NEASE","421 S MAIN ST","SOUTH BEND","IN","46601","(574) 233-7394","PARK","PUBLIC PARKING FACILITY","2007-01-31T05:00:00.000Z","2006-03-01T05:00:00.000Z","2006","445","IN","Incative and no longer licensed","SB2","COUNCIL DISTRICT 2","421 S MAIN ST, SOUTH BEND, IN 46601","16859"
"2006-444","E H MC NEASE","418 S MAIN ST","","",NA,"(574) 288-4148","PARK","PUBLIC PARKING FACILITY","2007-01-31T05:00:00.000Z","2006-03-01T05:00:00.000Z","2006","444","IN","Incative and no longer licensed","SB2","COUNCIL DISTRICT 2","418 S MAIN ST, ,  ","16860"
"2006-443","SEAN CONLEY","19574 SHERWOOD AVE","SOUTH BEND","IN","46637","(574) 273-0942","PEDDLR","PEDDLER & CANVASSER","2007-01-31T05:00:00.000Z","2006-01-10T05:00:00.000Z","2006","443","IN","Incative and no longer licensed","","","19574 SHERWOOD AVE, SOUTH BEND, IN 46637","16861"
"2006-442","BRIAN MALKOVSKY","3226 SANDWOOD DR","SOUTH BEND","IN","46628","(574) 273-2466","PEDDLR","PEDDLER & CANVASSER","2007-01-31T05:00:00.000Z","2006-01-09T05:00:00.000Z","2006","442","IN","Incative and no longer licensed","SB1","COUNCIL DISTRICT 1","3226 SANDWOOD DR, SOUTH BEND, IN 46628","16862"
"2006-441","RENITA'S REUSE IT SHOP","1631 LINDEN AVE","SOUTH BEND","IN","46628","(574) 289-2647","SECOND","SECOND HAND DEALERS","2007-01-31T05:00:00.000Z","2006-03-22T05:00:00.000Z","2006","441","RN","Renewed","SB2","COUNCIL DISTRICT 2","1631 LINDEN AVE, SOUTH BEND, IN 46628","16863"
"2006-440","GERT'S CLOSET","2709 MISHAWAKA AVE","SOUTH BEND","IN","46615","(574) 233-8001","SECOND","SECOND HAND DEALERS","2007-01-31T05:00:00.000Z","2006-01-24T05:00:00.000Z","2006","440","RN","Renewed","SB3","COUNCIL DISTRICT 3","2709 MISHAWAKA AVE, SOUTH BEND, IN 46615","16864"
"2006-439","NUNEMAKER'S COIN & JEWELRY","2516 LINCOLN WAY W","SOUTH BEND","IN","46628","(574) 288-7464","SECOND","SECOND HAND DEALERS","2007-01-31T05:00:00.000Z","2006-01-19T05:00:00.000Z","2006","439","RN","Renewed","","","2516 LINCOLN WAY W, SOUTH BEND, IN 46628","16865"
"2006-438","NUNEMAKER'S COIN & JEWELRY","2516 LINCOLN WAY W","SOUTH BEND","IN","46628","(574) 288-7464","PRECM","PRECIOUS METAL DEALERS","2007-01-31T05:00:00.000Z","2006-01-19T05:00:00.000Z","2006","438","RN","Renewed","","","2516 LINCOLN WAY W, SOUTH BEND, IN 46628","16866"
"2006-435","WALT TEMPLE TREE SERVICE","1702 LINCOLN WAY W","SOUTH BEND","IN","466282618","(574) 287-4387","ARBOR","ARBORIST/TREE SERVICE","2007-01-31T05:00:00.000Z","2006-03-21T05:00:00.000Z","2006","435","RN","Renewed","","","1702 LINCOLN WAY W, SOUTH BEND, IN 466282618","16869"
"2006-433","INDIANA SECURITY SYSTEMS","730 S BYRKIT ST","MISHAWAKA","IN","46544","(574) 252-5276","ALARM","ALARM AGENT","2007-01-31T05:00:00.000Z","2006-01-26T05:00:00.000Z","2006","433","RN","Renewed","","","730 S BYRKIT ST, MISHAWAKA, IN 46544","16871"
"2006-432","ADULT LITTLE DENMARK","3002 W WESTERN AVE","SOUTH BEND","IN","46613","(574) 233-9538","ADULT","ADULT BUSINESS","2007-01-31T05:00:00.000Z","2006-04-07T04:00:00.000Z","2006","432","RN","Renewed","SB6","COUNCIL DISTRICT 6","3002 W WESTERN AVE, SOUTH BEND, IN 46613","16872"
"2006-431","S.B. FIREFIGHTERS ASSOC","904 W 4TH ST","MISHAWAKA","IN","46544","(574) 233-2540","CHAR","CHARITABLE SOLICITATIONS","2007-01-31T05:00:00.000Z","2006-01-19T05:00:00.000Z","2006","431","RN","Renewed","","","904 W 4TH ST, MISHAWAKA, IN 46544","16873"
"2006-429","GREATER HOLY TEMPLE C.O.G.I.C.","710 NAPOLEON ST","SOUTH BEND","IN","46617","(574) 234-2351","RESTAM","RESTAURANTS A-M","2007-02-28T05:00:00.000Z","2006-05-16T04:00:00.000Z","2006","429","RN","Renewed","SB4","COUNCIL DISTRICT 4","710 NAPOLEON ST, SOUTH BEND, IN 46617","16875"
"2006-428","DEER RUN CHURCH OF CHRIST","2730 S IRONWOOD DR","SOUTH BEND","IN","46614","(574) 289-3338","RESTAM","RESTAURANTS A-M","2007-02-28T05:00:00.000Z","2006-05-16T04:00:00.000Z","2006","428","RN","Renewed","SB5","COUNCIL DISTRICT 5","2730 S IRONWOOD DR, SOUTH BEND, IN 46614","16876"
"2006-427","7-ELEVEN #30171  DO NOT USE!!","4106 LINCOLN WAY W","SOUTH BEND","IN","46628","(574) 233-1621","RESTAM","RESTAURANTS A-M","2007-02-28T05:00:00.000Z","2006-02-13T05:00:00.000Z","2006","427","RN","Renewed","","","4106 LINCOLN WAY W, SOUTH BEND, IN 46628","16877"
"2006-426","AMERICAN EAGLE SECURITY ALARM","22651 BRICK RD","SOUTH BEND","IN","46628","(574) 271-0331","ALARM","ALARM AGENT","2007-01-31T05:00:00.000Z","2006-01-24T05:00:00.000Z","2006","426","1N","1st Renewal Notice","","","22651 BRICK RD, SOUTH BEND, IN 46628","16878"
"2006-425","OSCAR'S BILLIARD CLUB","1902 SOUTH BEND AVE","SOUTH BEND","IN","46637","(574) 277-6651","POOL","POOL HALLS","2007-01-31T05:00:00.000Z","2006-04-10T04:00:00.000Z","2006","425","RN","Renewed","","","1902 SOUTH BEND AVE, SOUTH BEND, IN 46637","16879"
"2006-424","WOODEN INDIAN MOTEL","1631 LINCOLN WAY E","SOUTH BEND","IN","466133418","(574) 234-9155","HOTEL","HOTEL/MOTEL","2007-01-31T05:00:00.000Z","2006-01-19T05:00:00.000Z","2006","424","RN","Renewed","","","1631 LINCOLN WAY E, SOUTH BEND, IN 466133418","16880"
"2006-422","FLOYD'S BODY SHOP","3105 W SAMPLE ST","SOUTH BEND","IN","46619","(574) 287-4945","AUTO","AUTOMOTIVE REPAIR & SVC","2007-01-31T05:00:00.000Z","2006-02-08T05:00:00.000Z","2006","422","RN","Renewed","SB6","COUNCIL DISTRICT 6","3105 W SAMPLE ST, SOUTH BEND, IN 46619","16881"
"2006-421","RED'S WORLDWIDE, LLC","1072 LINCOLN WAY E","SOUTH BEND","IN","46601","(574) 968-0619","PRECM","PRECIOUS METAL DEALERS","2007-01-31T05:00:00.000Z","2006-01-31T05:00:00.000Z","2006","421","RN","Renewed","","","1072 LINCOLN WAY E, SOUTH BEND, IN 46601","16882"
"2006-420","RED'S WORLDWIDE, LLC","1072 LINCOLN WAY E","SOUTH BEND","IN","46601","(574) 968-0619","SECOND","SECOND HAND DEALERS","2007-01-31T05:00:00.000Z","2006-01-31T05:00:00.000Z","2006","420","RN","Renewed","","","1072 LINCOLN WAY E, SOUTH BEND, IN 46601","16883"
"2006-419","MARY ANN SHEETS","107 W NORTH SHORE DR","SOUTH BEND","IN","46617","(574) 288-1632","MSGTEC","MASSAGE THERAPY","2007-01-31T05:00:00.000Z","2006-01-19T05:00:00.000Z","2006","419","RN","Renewed","SB4","COUNCIL DISTRICT 4","107 W NORTH SHORE DR, SOUTH BEND, IN 46617","16884"
"2006-418","PAUL'S COIN & SPORTSCARDS","2620 S MICHIGAN ST","SOUTH BEND","IN","46614","(574) 233-8540","PRECM","PRECIOUS METAL DEALERS","2007-01-31T05:00:00.000Z","2006-03-20T05:00:00.000Z","2006","418","RN","Renewed","SB5","COUNCIL DISTRICT 5","2620 S MICHIGAN ST, SOUTH BEND, IN 46614","16885"
"2006-417","ALICIA ANN BOYKIN","1 OUT OF AREA AVE","SOUTH BEND","IN","46601","(800) 244-1672","PEDDLR","PEDDLER & CANVASSER","2007-01-31T05:00:00.000Z","2006-01-12T05:00:00.000Z","2006","417","IN","Incative and no longer licensed","","","1 OUT OF AREA AVE, SOUTH BEND, IN 46601","16886"
"2006-416","CANDACE L MACKENZIE","1 OUT OF AREA AVE","SOUTH BEND","IN","46601","(800) 244-1672","PEDDLR","PEDDLER & CANVASSER","2007-01-31T05:00:00.000Z","2006-01-12T05:00:00.000Z","2006","416","IN","Incative and no longer licensed","","","1 OUT OF AREA AVE, SOUTH BEND, IN 46601","16887"
"2006-415","EARNEST LEE EASTON ASSOCIATES","506 S ALBERT AVE","SOUTH BEND","IN","46619","(574) 239-6578","PEDDLR","PEDDLER & CANVASSER","2007-01-31T05:00:00.000Z","2006-01-26T05:00:00.000Z","2006","415","TR","Transferred","SB6","COUNCIL DISTRICT 6","506 S ALBERT AVE, SOUTH BEND, IN 46619","16888"
"2006-1530","BIG ED'S AND ANGIE'S","2227 FRANKLIN ST","SOUTH BEND","IN","46613","(574) 232-3444","RESTAM","RESTAURANTS A-M","2007-02-28T05:00:00.000Z","2006-11-20T05:00:00.000Z","2006","1530","RN","Renewed","SB6","COUNCIL DISTRICT 6","2227 FRANKLIN ST, SOUTH BEND, IN 46613","16889"
"2006-547","HOPE MINISTRIES","432 S LAFAYETTE BLVD","SOUTH BEND","IN","46601","(574) 288-4842","HOTEL","HOTEL/MOTEL","2007-01-31T05:00:00.000Z","2006-08-02T04:00:00.000Z","2006","547","RN","Renewed","SB2","COUNCIL DISTRICT 2","432 S LAFAYETTE BLVD, SOUTH BEND, IN 46601","16890"
"2006-1425","MODERN CAB COMPANY","1843 COMMERCE DR","SOUTH BEND","IN","46628","(574) 400-9621","TAXICAB","TAXI VEHICLE","2007-06-01T04:00:00.000Z","2006-08-15T04:00:00.000Z","2006","1425","AC","Active and Licensed","SB1","COUNCIL DISTRICT 1","1843 COMMERCE DR, SOUTH BEND, IN 46628","16891"
"2006-414","MORRIS PARK COUNTRY CLUB","2200 MCKINLEY AVE","SOUTH BEND","IN","46615","(574) 233-9474","RESTAM","RESTAURANTS A-M","2007-02-28T05:00:00.000Z","2006-03-07T05:00:00.000Z","2006","414","RN","Renewed","SB4","COUNCIL DISTRICT 4","2200 MCKINLEY AVE, SOUTH BEND, IN 46615","16892"
"2006-413","LINEBACKER LOUNGE","1631 SOUTH BEND AVE","SOUTH BEND","IN","46617","(574) 289-0186","RESTAM","RESTAURANTS A-M","2007-02-28T05:00:00.000Z","2006-02-13T05:00:00.000Z","2006","413","RN","Renewed","SB4","COUNCIL DISTRICT 4","1631 SOUTH BEND AVE, SOUTH BEND, IN 46617","16893"
"2006-412","HENSELL'S OAKEN BUCKET","1212 S IRONWOOD DR","SOUTH BEND","IN","46615","(574) 289-1616","RESTAM","RESTAURANTS A-M","2007-02-28T05:00:00.000Z","2006-02-13T05:00:00.000Z","2006","412","RN","Renewed","SB3","COUNCIL DISTRICT 3","1212 S IRONWOOD DR, SOUTH BEND, IN 46615","16894"
"2006-411","RUSSELL AUTOMOTIVE","1510 E CALVERT ST","SOUTH BEND","IN","46613","(574) 287-2826","AUTO","AUTOMOTIVE REPAIR & SVC","2007-01-31T05:00:00.000Z","2006-10-30T05:00:00.000Z","2006","411","IN","Incative and no longer licensed","SB5","COUNCIL DISTRICT 5","1510 E CALVERT ST, SOUTH BEND, IN 46613","16895"
"2006-410","RHINO LININGS","3275 ELWOOD AVE","","",NA,"(574) 287-1010","AUTO","AUTOMOTIVE REPAIR & SVC","2007-01-31T05:00:00.000Z","2006-02-02T05:00:00.000Z","2006","410","IN","Incative and no longer licensed","SB1","COUNCIL DISTRICT 1","3275 ELWOOD AVE, ,  ","16896"
"2006-409","PREFERRED COLLISION REPAIR","1134 MISHAWAKA AVE","SOUTH BEND","IN","46615","(574) 233-2533","AUTO","AUTOMOTIVE REPAIR & SVC","2007-01-31T05:00:00.000Z","2006-02-14T05:00:00.000Z","2006","409","RN","Renewed","SB3","COUNCIL DISTRICT 3","1134 MISHAWAKA AVE, SOUTH BEND, IN 46615","16897"
"2006-408","PEQUENO AUTO SERVICE","4014 W WESTERN AVE","SOUTH BEND","IN","46619","(574) 232-7313","AUTO","AUTOMOTIVE REPAIR & SVC","2007-01-31T05:00:00.000Z","2006-02-02T05:00:00.000Z","2006","408","RN","Renewed","SB6","COUNCIL DISTRICT 6","4014 W WESTERN AVE, SOUTH BEND, IN 46619","16898"
"2006-407","FRED'S TRANSMISSION & CLUTCH","507 W WESTERN AVE","SOUTH BEND","IN","46616","(574) 232-0563","AUTO","AUTOMOTIVE REPAIR & SVC","2007-01-31T05:00:00.000Z","2006-02-02T05:00:00.000Z","2006","407","RN","Renewed","SB2","COUNCIL DISTRICT 2","507 W WESTERN AVE, SOUTH BEND, IN 46616","16899"
"2006-406","DEVREESE ENTERPRISES","1314 PORTAGE AVE","SOUTH BEND","IN","46615","(574) 288-0822","AUTO","AUTOMOTIVE REPAIR & SVC","2007-01-31T05:00:00.000Z","2006-02-02T05:00:00.000Z","2006","406","RN","Renewed","SB1","COUNCIL DISTRICT 1","1314 PORTAGE AVE, SOUTH BEND, IN 46615","16900"
"2006-404","HARRISON FURNITURE","1609 MIAMI ST","SOUTH BEND","IN","46613","(574) 282-2747","SECOND","SECOND HAND DEALERS","2007-01-31T05:00:00.000Z","2006-02-08T05:00:00.000Z","2006","404","RN","Renewed","SB3","COUNCIL DISTRICT 3","1609 MIAMI ST, SOUTH BEND, IN 46613","16902"
"2006-403","INDOOR GARAGE SALE","1201 W WESTERN AVE","SOUTH BEND","IN","46601","(574) 289-5087","SECOND","SECOND HAND DEALERS","2007-01-31T05:00:00.000Z","2006-02-15T05:00:00.000Z","2006","403","RN","Renewed","SB2","COUNCIL DISTRICT 2","1201 W WESTERN AVE, SOUTH BEND, IN 46601","16903"
"2006-402","PET SUPPLIES PLUS","2202 SOUTH BEND AVE","SOUTH BEND","IN","46637","(574) 273-2292","PETS","PET SHOPS","2007-01-31T05:00:00.000Z","2006-02-02T05:00:00.000Z","2006","402","RN","Renewed","SB4","COUNCIL DISTRICT 4","2202 SOUTH BEND AVE, SOUTH BEND, IN 46637","16904"
"2006-400","ROMANTIX ADULT EMPORIUM","2709 2715 S MAIN ST","SOUTH BEND","IN","46614","(574) 291-1899","ADULT","ADULT BUSINESS","2007-01-31T05:00:00.000Z","2006-03-13T05:00:00.000Z","2006","400","RN","Renewed","SB6","COUNCIL DISTRICT 6","2709 2715 S MAIN ST, SOUTH BEND, IN 46614","16906"
"2006-379","DAVE'S PUB","3013 MISHAWAKA AVE","SOUTH BEND","IN","46615","(574) 237-9195","RESTAM","RESTAURANTS A-M","2007-02-28T05:00:00.000Z","2006-02-09T05:00:00.000Z","2006","379","RN","Renewed","SB3","COUNCIL DISTRICT 3","3013 MISHAWAKA AVE, SOUTH BEND, IN 46615","16907"
"2006-373","CITY LIMITS LOUNGE","1807 S IRONWOOD DR","SOUTH BEND","IN","46614","(574) 288-3636","RESTAM","RESTAURANTS A-M","2007-02-28T05:00:00.000Z","2006-05-16T04:00:00.000Z","2006","373","RN","Renewed","SB3","COUNCIL DISTRICT 3","1807 S IRONWOOD DR, SOUTH BEND, IN 46614","16908"
"2006-350","BJ CHINESE BUFFET","4123 W WESTERN AVE","SOUTH BEND","IN","46619","(574) 289-8893","RESTAM","RESTAURANTS A-M","2007-02-28T05:00:00.000Z","2006-02-15T05:00:00.000Z","2006","350","IN","Incative and no longer licensed","SB2","COUNCIL DISTRICT 2","4123 W WESTERN AVE, SOUTH BEND, IN 46619","16910"
"2006-35","RUM VILLAGE INN","2209 KEMBLE AVE","SOUTH BEND","IN","46613","(574) 288-1773","RESTZ","RESTAURANTS N-Z","2007-03-31T04:00:00.000Z","2006-01-26T05:00:00.000Z","2006","35","RN","Renewed","SB6","COUNCIL DISTRICT 6","2209 KEMBLE AVE, SOUTH BEND, IN 46613","16911"
"2006-546","KNIGHT INN","3233 LINCOLN WAY W","SOUTH BEND","IN","466281450","(574) 232-9019","HOTEL","HOTEL/MOTEL","2007-01-31T05:00:00.000Z","2006-02-08T05:00:00.000Z","2006","546","RN","Renewed","","","3233 LINCOLN WAY W, SOUTH BEND, IN 466281450","16912"
"2006-1529","DOUG HAULS TRASH","1726 LINCOLN WAY E","SOUTH BEND","IN","46613","(574) 256-3684","TRASH","RUBBISH & GARBAGE REMOVAL","2007-04-30T04:00:00.000Z","2006-11-01T05:00:00.000Z","2006","1529","IN","Incative and no longer licensed","","","1726 LINCOLN WAY E, SOUTH BEND, IN 46613","16913"
"2006-496","CLASSIC BOUTIQUE","1636 LINCOLN WAY W","SOUTH BEND","IN","46628","(574) 232-6360","SECOND","SECOND HAND DEALERS","2007-01-31T05:00:00.000Z","2006-06-14T04:00:00.000Z","2006","496","RN","Renewed","","","1636 LINCOLN WAY W, SOUTH BEND, IN 46628","16915"
"2006-343","SORIYA'S RESTAURANT","676 LAWNDALE AVE","SOUTH BEND","IN","46628","(574) 233-5772","RESTZ","RESTAURANTS N-Z","2007-03-31T04:00:00.000Z","2006-02-17T05:00:00.000Z","2006","343","IN","Incative and no longer licensed","SB2","COUNCIL DISTRICT 2","676 LAWNDALE AVE, SOUTH BEND, IN 46628","16916"
"2006-34","RHYTHM","1634 LINCOLN WAY W","SOUTH BEND","IN","466282616","(574) 232-6360","RESTZ","RESTAURANTS N-Z","2007-03-31T04:00:00.000Z","2006-06-14T04:00:00.000Z","2006","34","RN","Renewed","","","1634 LINCOLN WAY W, SOUTH BEND, IN 466282616","16917"
"2006-332","ROSIE'S KAZBAR","2644 W WESTERN AVE","SOUTH BEND","IN","466193126","(574) 288-3725","RESTZ","RESTAURANTS N-Z","2007-03-31T04:00:00.000Z","2006-02-15T05:00:00.000Z","2006","332","RN","Renewed","SB6","COUNCIL DISTRICT 6","2644 W WESTERN AVE, SOUTH BEND, IN 466193126","16918"
"2006-330","MANDARIN HOUSE RESTAURANT","2104 EDISON RD","SOUTH BEND","IN","46615","(572) 287-4414","RESTAM","RESTAURANTS A-M","2007-02-28T05:00:00.000Z","2006-02-14T05:00:00.000Z","2006","330","RN","Renewed","SB4","COUNCIL DISTRICT 4","2104 EDISON RD, SOUTH BEND, IN 46615","16919"
"2006-30","LOCOS MEXICAN RESTAURANT","3801 W WESTERN AVE","SOUTH BEND","IN","46619","(574) 287-0020","RESTAM","RESTAURANTS A-M","2007-02-28T05:00:00.000Z","2006-02-06T05:00:00.000Z","2006","30","RN","Renewed","SB2","COUNCIL DISTRICT 2","3801 W WESTERN AVE, SOUTH BEND, IN 46619","16920"
"2006-495","LA ESPERANZA / CASA ROMA, INC.","1636 N IRONWOOD DR","SOUTH BEND","IN","46637","(574) 273-0345","RESTAM","RESTAURANTS A-M","2007-02-28T05:00:00.000Z","2006-03-17T05:00:00.000Z","2006","495","RN","Renewed","SB4","COUNCIL DISTRICT 4","1636 N IRONWOOD DR, SOUTH BEND, IN 46637","16921"
"2006-1375","MC INVESTMENTS, LLC","117 S WILLIAM ST","SOUTH BEND","IN","46601","(216) 781-9110","PARK","PUBLIC PARKING FACILITY","2007-01-31T05:00:00.000Z","2008-04-15T04:00:00.000Z","2006","1375","RN","Renewed","SB2","COUNCIL DISTRICT 2","117 S WILLIAM ST, SOUTH BEND, IN 46601","16922"
"2006-3","TASTE OF MEXICO","2637 W WESTERN AVE","SOUTH BEND","IN","46619","(574) 232-8960","RESTZ","RESTAURANTS N-Z","2007-03-31T04:00:00.000Z","2006-01-31T05:00:00.000Z","2006","3","RN","Renewed","SB2","COUNCIL DISTRICT 2","2637 W WESTERN AVE, SOUTH BEND, IN 46619","16923"
"2006-1374","AMPCO SYSTEM PARKING","111 S MICHIGAN ST","SOUTH BEND","IN","46601","(574) 232-3843","PARK","PUBLIC PARKING FACILITY","2007-01-31T05:00:00.000Z","2006-08-14T04:00:00.000Z","2006","1374","RN","Renewed","SB2","COUNCIL DISTRICT 2","111 S MICHIGAN ST, SOUTH BEND, IN 46601","16924"
"2006-494","HONEY BAKED HAM CO & CAFE","2307 EDISON RD","SOUTH BEND","IN","46615","(574) 288-4267","RESTAM","RESTAURANTS A-M","2007-02-28T05:00:00.000Z","2006-03-17T05:00:00.000Z","2006","494","RN","Renewed","SB4","COUNCIL DISTRICT 4","2307 EDISON RD, SOUTH BEND, IN 46615","16925"
"2006-1373","MC INVESTMENTS, LLC","322 S LAFAYETTE BLVD","SOUTH BEND","IN","46601","(216) 781-9110","PARK","PUBLIC PARKING FACILITY","2007-01-31T05:00:00.000Z","2008-04-15T04:00:00.000Z","2006","1373","4N","4th Renewal Notice","SB1","COUNCIL DISTRICT 1","322 S LAFAYETTE BLVD, SOUTH BEND, IN 46601","16926"
"2006-1528","ROBERT LUMPKIN","127 ELM ST","SOUTH BEND","IN","46616","(574) 232-0633","PEDDLR","PEDDLER & CANVASSER","2007-01-31T05:00:00.000Z","2006-12-01T05:00:00.000Z","2006","1528","IN","Incative and no longer licensed","SB2","COUNCIL DISTRICT 2","127 ELM ST, SOUTH BEND, IN 46616","16928"
"2006-545","MICHIANA TRUCK CENTER","3610 DEAHL CT","SOUTH BEND","IN","46628","(574) 277-7300","AUTO","AUTOMOTIVE REPAIR & SVC","2007-01-31T05:00:00.000Z","2006-02-09T05:00:00.000Z","2006","545","RN","Renewed","SB1","COUNCIL DISTRICT 1","3610 DEAHL CT, SOUTH BEND, IN 46628","16929"
"2006-274","7-ELEVEN","333 S LOGAN ST","SOUTH BEND","IN","46601","(574) 232-8916","RESTAM","RESTAURANTS A-M","2007-02-28T05:00:00.000Z","2006-02-09T05:00:00.000Z","2006","274","RN","Renewed","SB3","COUNCIL DISTRICT 3","333 S LOGAN ST, SOUTH BEND, IN 46601","16930"
"2006-23","GRANDMA AND GRANDPA'S SOULFOOD","2702 W WESTERN AVE","SOUTH BEND","IN","46619","(574) 607-3022","RESTAM","RESTAURANTS A-M","2007-02-28T05:00:00.000Z","2006-01-05T05:00:00.000Z","2006","23","IN","Incative and no longer licensed","SB6","COUNCIL DISTRICT 6","2702 W WESTERN AVE, SOUTH BEND, IN 46619","16931"
"2006-219","FIDDLER'S HEARTH, INC","127 N MAIN ST","SOUTH BEND","IN","46601","(574) 232-2853","RESTAM","RESTAURANTS A-M","2007-02-28T05:00:00.000Z","2006-03-01T05:00:00.000Z","2006","219","RN","Renewed","","","127 N MAIN ST, SOUTH BEND, IN 46601","16932"
"2006-218","AMVETS POST #66","1606 W WESTERN AVE","SOUTH BEND","IN","46619","(574) 286-0487","RESTAM","RESTAURANTS A-M","2007-02-28T05:00:00.000Z","2006-05-16T04:00:00.000Z","2006","218","RN","Renewed","SB6","COUNCIL DISTRICT 6","1606 W WESTERN AVE, SOUTH BEND, IN 46619","16933"
"2006-217","TOM & LIN'S KITCHENETTE","2221 S MICHIGAN ST","SOUTH BEND","IN","46613","(574) 289-1513","RESTZ","RESTAURANTS N-Z","2007-03-31T04:00:00.000Z","2006-02-13T05:00:00.000Z","2006","217","RN","Renewed","SB3","COUNCIL DISTRICT 3","2221 S MICHIGAN ST, SOUTH BEND, IN 46613","16934"
"2006-216","BLACKTHORN GOLF CLUB","6100 NIMTZ PKWY","SOUTH BEND","IN","466286111","(574) 232-4653","RESTAM","RESTAURANTS A-M","2007-02-28T05:00:00.000Z","2006-02-02T05:00:00.000Z","2006","216","RN","Renewed","","","6100 NIMTZ PKWY, SOUTH BEND, IN 466286111","16935"
